Year,Date,Experiment,Plot,Species,Mass(g),Mass g/m^2)
2009,8/19/2009,E244,1,Roots,1.049,172.53
2009,8/20/2009,E244,2,Roots,1.654,272.04
2009,8/20/2009,E244,3,Roots,3.629,596.88
2009,8/20/2009,E244,4,Roots,0.843,138.65
2009,8/20/2009,E244,5,Roots,2.257,371.22
2009,8/19/2009,E244,6,Roots,4.893,804.77
2009,8/20/2009,E244,7,Roots,6.662,1095.72
2009,8/19/2009,E244,8,Roots,3.753,617.27
2009,8/19/2009,E244,9,Roots,9.122,1500.33
2009,8/19/2009,E244,10,Roots,5.645,928.45
2009,8/19/2009,E244,11,Roots,0.159,26.15
2009,8/19/2009,E244,12,Roots,0.796,130.92
2009,8/19/2009,E244,13,Roots,0.282,46.38
2009,8/19/2009,E244,14,Roots,0.845,138.98
2009,8/19/2009,E244,15,Roots,0.357,58.72
2009,8/19/2009,E244,16,Roots,4.13,679.28
2009,8/19/2009,E244,17,Roots,3.654,600.99
2009,8/20/2009,E244,18,Roots,2.554,420.07
2009,8/20/2009,E244,19,Roots,3.813,627.14
2009,8/20/2009,E244,20,Roots,4.219,693.91
2009,8/19/2009,E244,21,Roots,11.766,1935.2
2009,8/20/2009,E244,22,Roots,4.149,682.4
2009,8/20/2009,E244,23,Roots,4.973,817.93
2009,8/19/2009,E244,24,Roots,4.796,788.82
2009,8/19/2009,E244,25,Roots,8.042,1322.7
2009,8/19/2009,E244,26,Roots,2.643,434.7
2009,8/20/2009,E244,27,Roots,3.259,536.02
2009,8/19/2009,E244,28,Roots,2.743,451.15
2009,8/19/2009,E244,29,Roots,1.385,227.8
2009,8/19/2009,E244,30,Roots,2.384,392.11
2009,8/19/2009,E244,31,Roots,12.285,2020.56
2009,8/19/2009,E244,32,Roots,3.566,586.51
2009,8/19/2009,E244,33,Roots,10.376,1706.58
2009,8/19/2009,E244,34,Roots,7.524,1237.5
2009,8/19/2009,E244,35,Roots,12.013,1975.82
2009,8/20/2009,E244,36,Roots,4.347,714.97
2009,8/20/2009,E244,37,Roots,7.868,1294.08
2009,8/19/2009,E244,38,Roots,6.225,1023.85
2009,8/19/2009,E244,39,Roots,3.441,565.95
2009,8/19/2009,E244,40,Roots,6.361,1046.22
2009,8/20/2009,E244,41,Roots,2.019,332.07
2009,8/19/2009,E244,42,Roots,3.283,539.97
2009,8/19/2009,E244,43,Roots,5.633,926.48
2009,8/20/2009,E244,44,Roots,9.07,1491.78
2009,8/19/2009,E244,45,Roots,4.719,776.15
2009,8/20/2009,E244,46,Roots,5.35,879.93
2009,8/19/2009,E244,47,Roots,8.902,1464.14
2009,8/20/2009,E244,48,Roots,5.98,983.55
2009,8/19/2009,E244,49,Roots,4.549,748.19
2009,8/19/2009,E244,50,Roots,9.279,1526.15
2009,8/19/2009,E244,51,Roots,4.652,765.13
2009,8/20/2009,E244,52,Roots,1.66,273.03
2009,8/20/2009,E244,53,Roots,4.78,786.18
2009,8/20/2009,E244,54,Roots,2.88,473.68
2009,8/19/2009,E244,55,Roots,4.152,682.89
2009,8/20/2009,E244,56,Roots,1,164.47
2009,8/20/2009,E244,57,Roots,1.83,300.99
2009,8/19/2009,E244,58,Roots,2.981,490.3
2009,8/19/2009,E244,59,Roots,1.955,321.55
2009,8/19/2009,E244,60,Roots,5.146,846.38
2009,8/20/2009,E244,61,Roots,1.26,207.24
2009,8/20/2009,E244,62,Roots,0.79,129.93
2009,8/19/2009,E244,63,Roots,0.4,65.79
2009,8/20/2009,E244,64,Roots,0.61,100.33
2009,8/19/2009,E244,65,Roots,2.221,365.3
2009,8/20/2009,E244,66,Roots,2.65,435.86
2009,8/20/2009,E244,67,Roots,1.93,317.43
2009,8/19/2009,E244,68,Roots,3.923,645.23
2009,8/20/2009,E244,69,Roots,4.384,721.05
2009,8/19/2009,E244,70,Roots,3.214,528.62
2009,8/19/2009,E244,71,Roots,8.196,1348.03
2009,8/20/2009,E244,72,Roots,7.66,1259.87
2009,8/19/2009,E244,73,Roots,13.281,2184.38
2009,8/19/2009,E244,74,Roots,6.885,1132.4
2009,8/19/2009,E244,75,Roots,8.211,1350.49
2009,8/19/2009,E244,76,Roots,7.706,1267.43
2009,8/19/2009,E244,77,Roots,12.679,2085.36
2009,8/19/2009,E244,78,Roots,12.746,2096.38
2009,8/19/2009,E244,79,Roots,9.335,1535.36
2009,8/19/2009,E244,80,Roots,8.044,1323.03
2009,8/19/2009,E244,81,Roots,3.177,522.53
2009,8/19/2009,E244,82,Roots,5.463,898.52
2009,8/19/2009,E244,83,Roots,4.687,770.89
2009,8/19/2009,E244,84,Roots,7.6,1250
2009,8/20/2009,E244,85,Roots,7.429,1221.88
2009,8/19/2009,E244,86,Roots,1.215,199.84
2009,8/19/2009,E244,87,Roots,3.027,497.86
2009,8/20/2009,E244,88,Roots,1.504,247.37
2009,8/20/2009,E244,89,Roots,0.738,121.38
2009,8/20/2009,E244,90,Roots,0.806,132.57
2009,8/19/2009,E244,91,Roots,6.269,1031.09
2009,8/20/2009,E244,92,Roots,2.524,415.13
2009,8/20/2009,E244,93,Roots,1.497,246.22
2009,8/19/2009,E244,94,Roots,3.415,561.68
2009,8/20/2009,E244,95,Roots,3.149,517.93
2009,8/20/2009,E244,96,Roots,2.64,434.21
2009,8/20/2009,E244,97,Roots,3.824,628.95
2009,8/20/2009,E244,98,Roots,1.249,205.43
2009,8/20/2009,E244,99,Roots,6.992,1150
2009,8/20/2009,E244,100,Roots,3.905,642.27
2009,8/20/2009,E244,101,Roots,5.688,935.53
2009,8/20/2009,E244,101,Roots,5.688,935.53
2009,8/20/2009,E244,102,Roots,6.251,1028.13
2009,8/20/2009,E244,103,Roots,6.393,1051.48
2009,8/20/2009,E244,104,Roots,3.29,541.12
2009,8/19/2009,E244,105,Roots,5.962,980.59
2009,8/20/2009,E244,106,Roots,0.929,152.8
2009,8/20/2009,E244,107,Roots,1.481,243.59
2009,8/20/2009,E244,108,Roots,1.079,177.47
2009,8/20/2009,E244,109,Roots,2.11,347.04
2009,8/20/2009,E244,110,Roots,2.296,377.63
2009,8/19/2009,E244,111,Roots,9.237,1519.24
2009,8/19/2009,E244,112,Roots,19.396,3190.13
2009,8/20/2009,E244,113,Roots,4.265,701.48
2009,8/20/2009,E244,114,Roots,4.165,685.03
2009,8/20/2009,E244,115,Roots,4.879,802.47
2009,8/20/2009,E244,116,Roots,3.93,646.38
2009,8/20/2009,E244,117,Roots,4.632,761.84
2009,8/20/2009,E244,118,Roots,6.716,1104.61
2009,8/20/2009,E244,119,Roots,3.544,582.89
2009,8/19/2009,E244,120,Roots,4.775,785.36
2009,8/20/2009,E244,121,Roots,1.07,175.99
2009,8/20/2009,E244,122,Roots,1.234,202.96
2009,8/20/2009,E244,123,Roots,2.716,446.71
2009,8/20/2009,E244,124,Roots,2.06,338.82
2009,8/20/2009,E244,125,Roots,0.955,157.07
2009,8/19/2009,E244,126,Roots,8.482,1395.07
2009,8/19/2009,E244,127,Roots,5.261,865.3
2009,8/20/2009,E244,128,Roots,7.943,1306.41
2009,8/19/2009,E244,129,Roots,9.235,1518.91
2009,8/19/2009,E244,130,Roots,6.375,1048.52
2009,8/20/2009,E244,131,Roots,3.468,570.39
2009,8/19/2009,E244,132,Roots,3.017,496.22
2009,8/20/2009,E244,133,Roots,0.949,156.09
2009,8/20/2009,E244,134,Roots,2.064,339.47
2009,8/20/2009,E244,135,Roots,0.454,74.67
2009,8/20/2009,E244,136,Roots,5.877,966.61
2009,8/19/2009,E244,137,Roots,7.371,1212.34
2009,8/20/2009,E244,138,Roots,9.05,1488.49
2009,8/20/2009,E244,139,Roots,5.125,842.93
2009,8/20/2009,E244,140,Roots,9.255,1522.2
2009,8/20/2009,E244,141,Roots,1.742,286.51
2009,8/20/2009,E244,142,Roots,12.84,2111.84
2009,8/19/2009,E244,143,Roots,4.524,744.08
2009,8/20/2009,E244,144,Roots,0.792,130.26
2009,8/19/2009,E244,145,Roots,1.715,282.07
2009,8/20/2009,E244,146,Roots,1.019,167.6
2009,8/20/2009,E244,147,Roots,2.79,458.88
2009,8/20/2009,E244,148,Roots,1.058,174.01
2009,8/20/2009,E244,149,Roots,1.132,186.18
2009,8/19/2009,E244,150,Roots,4.147,682.07
2009,8/20/2009,E244,151,Roots,2.749,452.14
2009,8/20/2009,E244,152,Roots,5.378,884.54
2009,8/20/2009,E244,153,Roots,3.925,645.56
2009,8/20/2009,E244,154,Roots,2.286,375.99
2009,8/20/2009,E244,155,Roots,1.36,223.68
2009,8/20/2009,E244,156,Roots,2.156,354.61
2009,8/20/2009,E244,157,Roots,1.088,178.95
2009,8/20/2009,E244,158,Roots,0.848,139.47
2009,8/20/2009,E244,159,Roots,2.657,437.01
2009,8/20/2009,E244,160,Roots,0.964,158.55
2009,8/20/2009,E244,161,Roots,5.269,866.61
2009,8/20/2009,E244,162,Roots,1.585,260.69
2009,8/20/2009,E244,163,Roots,1.02,167.76
2009,8/20/2009,E244,164,Roots,1.587,261.02
2009,8/20/2009,E244,165,Roots,4.172,686.18
2009,8/20/2009,E244,166,Roots,4.37,718.75
2009,8/20/2009,E244,167,Roots,2.835,466.28
2009,8/20/2009,E244,168,Roots,5.176,851.32
2009,8/20/2009,E244,169,Roots,4.137,680.43
2009,8/20/2009,E244,170,Roots,8.322,1368.75
2009,8/20/2009,E244,171,Roots,7.639,1256.41
2009,8/20/2009,E244,172,Roots,3.794,624.01
2009,8/20/2009,E244,173,Roots,4.106,675.33
2009,8/20/2009,E244,174,Roots,3.908,642.76
2009,8/20/2009,E244,175,Roots,6.994,1150.33
2009,8/20/2009,E244,176,Roots,5.522,908.22
2009,8/20/2009,E244,177,Roots,6.687,1099.84
2009,8/20/2009,E244,178,Roots,7.198,1183.88
2009,8/19/2009,E244,179,Roots,8.079,1328.78
2009,8/20/2009,E244,180,Roots,7.015,1153.78
2009,8/20/2009,E244,181,Roots,4.721,776.48
2009,8/19/2009,E244,182,Roots,0.448,73.68
2009,8/20/2009,E244,183,Roots,3.022,497.04
2009,8/20/2009,E244,184,Roots,1.611,264.97
2009,8/20/2009,E244,185,Roots,1.313,215.95
2009,8/20/2009,E244,186,Roots,3.203,526.81
2009,8/20/2009,E244,187,Roots,3.826,629.28
2009,8/20/2009,E244,188,Roots,10.386,1708.22
2009,8/20/2009,E244,189,Roots,1.732,284.87
2009,8/20/2009,E244,190,Roots,2.426,399.01
2009,8/20/2009,E244,191,Roots,7.103,1168.26
2009,8/20/2009,E244,192,Roots,6.476,1065.13
2009,8/20/2009,E244,193,Roots,7.357,1210.03
2009,8/20/2009,E244,194,Roots,12.872,2117.11
2009,8/20/2009,E244,195,Roots,7.934,1304.93
2009,8/20/2009,E244,196,Roots,0.214,35.2
2009,8/19/2009,E244,197,Roots,0.66,108.55
2009,8/20/2009,E244,198,Roots,0.308,50.66
2009,8/20/2009,E244,199,Roots,0.861,141.61
2009,8/20/2009,E244,200,Roots,0.994,163.49
2009,8/20/2009,E244,201,Roots,0.533,87.66
2009,8/20/2009,E244,202,Roots,1.067,175.49
2009,8/20/2009,E244,203,Roots,1.248,205.26
2009,8/19/2009,E244,204,Roots,2.105,346.22
2009,8/20/2009,E244,205,Roots,1.169,192.27
2009,8/20/2009,E245,1,Roots,1.743,286.68
2009,8/20/2009,E245,2,Roots,1.546,254.28
2009,8/20/2009,E245,3,Roots,6.334,1041.78
2009,8/20/2009,E245,4,Roots,3.228,530.92
2009,8/20/2009,E245,5,Roots,5.631,926.15
2009,8/20/2009,E245,6,Roots,2.708,445.39
2009,8/20/2009,E245,7,Roots,3.59,590.46
2009,8/20/2009,E245,8,Roots,2.13,350.33
2009,8/20/2009,E245,9,Roots,3.98,654.61
2009,8/20/2009,E245,10,Roots,5.434,893.75
2009,8/20/2009,E245,11,Roots,6.439,1059.05
2009,8/20/2009,E245,12,Roots,3.195,525.49
2009,8/20/2009,E245,13,Roots,2.821,463.98
2009,8/20/2009,E245,14,Roots,2.917,479.77
2009,8/20/2009,E245,15,Roots,5.373,883.72
2009,8/20/2009,E245,16,Roots,1.611,264.97
2009,8/20/2009,E245,17,Roots,2.123,349.18
2009,8/20/2009,E245,18,Roots,2.85,468.75
2009,8/20/2009,E245,19,Roots,5.381,885.03
2009,8/20/2009,E245,20,Roots,3.32,546.05
2009,8/20/2009,E245,21,Roots,2.216,364.47
2009,8/20/2009,E245,22,Roots,2.59,425.99
2009,8/20/2009,E245,23,Roots,3.688,606.58
2009,8/20/2009,E245,24,Roots,3.035,499.18
2009,8/20/2009,E245,25,Roots,2.435,400.49
2009,8/20/2009,E245,26,Roots,4.099,674.18
2009,8/20/2009,E245,27,Roots,1.984,326.32
2009,8/20/2009,E245,28,Roots,1.611,264.97
2009,8/20/2009,E245,29,Roots,0.841,138.32
2009,8/20/2009,E245,30,Roots,2.223,365.63
2009,8/20/2009,E245,31,Roots,0.96,157.89
2009,8/20/2009,E245,32,Roots,2.034,334.54
2009,8/20/2009,E245,33,Roots,1.207,198.52
2009,8/20/2009,E245,34,Roots,1.869,307.4
2009,8/20/2009,E245,35,Roots,4.321,710.69
2009,8/20/2009,E245,36,Roots,3.541,582.4
2009,8/20/2009,E245,37,Roots,3.525,579.77
2009,8/20/2009,E245,38,Roots,2.563,421.55
2009,8/20/2009,E245,39,Roots,2.498,410.86
2009,8/20/2009,E245,40,Roots,1.061,174.51
2009,8/20/2009,E245,41,Roots,4.217,693.59
2009,8/20/2009,E245,42,Roots,2.604,428.29
2009,8/20/2009,E245,43,Roots,5.188,853.29
2009,8/20/2009,E245,44,Roots,7.606,1250.99
2009,8/20/2009,E245,45,Roots,2.713,446.22
2009,8/20/2009,E245,46,Roots,2.335,384.05
2009,8/20/2009,E245,47,Roots,1.821,299.51
2009,8/20/2009,E245,48,Roots,4.856,798.68
2010,12/8/2010,E244,1,Roots,2.74,450.62
2010,12/7/2010,E244,2,Roots,1.1,180.91
2010,12/7/2010,E244,3,Roots,1.76,289.45
2010,12/9/2010,E244,4,Roots,2.16,355.23
2010,12/7/2010,E244,5,Roots,1.31,215.44
2010,12/7/2010,E244,6,Roots,4.83,794.34
2010,12/7/2010,E244,7,Roots,4.68,769.67
2010,12/9/2010,E244,8,Roots,4.91,807.5
2010,12/9/2010,E244,9,Roots,4.44,730.2
2010,12/7/2010,E244,10,Roots,10.17,1672.56
2010,12/7/2010,E244,11,Roots,0.72,118.41
2010,12/9/2010,E244,12,Roots,1.71,281.23
2010,12/9/2010,E244,13,Roots,0.56,92.1
2010,12/9/2010,E244,14,Roots,0.99,162.82
2010,12/9/2010,E244,15,Roots,0.72,118.41
2010,12/7/2010,E244,16,Roots,9.45,1554.15
2010,12/7/2010,E244,17,Roots,6.54,1075.57
2010,12/7/2010,E244,18,Roots,5.05,830.52
2010,12/7/2010,E244,19,Roots,3.6,592.06
2010,12/7/2010,E244,20,Roots,8.94,1470.27
2010,12/7/2010,E244,21,Roots,5.73,942.36
2010,12/9/2010,E244,22,Roots,10.78,1772.88
2010,12/7/2010,E244,23,Roots,10.97,1804.13
2010,12/9/2010,E244,24,Roots,7.17,1179.18
2010,12/7/2010,E244,25,Roots,9.58,1575.53
2010,12/9/2010,E244,26,Roots,2.34,384.84
2010,12/7/2010,E244,27,Roots,2.39,393.06
2010,12/7/2010,E244,28,Roots,2.76,453.91
2010,12/7/2010,E244,29,Roots,1.73,284.52
2010,12/9/2010,E244,30,Roots,1.43,235.18
2010,12/7/2010,E244,31,Roots,9.53,1567.31
2010,12/7/2010,E244,32,Roots,3.12,513.12
2010,12/9/2010,E244,33,Roots,6.82,1121.62
2010,12/7/2010,E244,34,Roots,10.16,1670.92
2010,12/7/2010,E244,35,Roots,4.15,682.51
2010,12/7/2010,E244,36,Roots,5.01,823.95
2010,12/9/2010,E244,37,Roots,4.57,751.58
2010,12/7/2010,E244,38,Roots,8.02,1318.97
2010,12/9/2010,E244,39,Roots,13.66,2246.53
2010,12/7/2010,E244,40,Roots,10.33,1698.87
2010,12/9/2010,E244,41,Roots,4.74,779.54
2010,12/9/2010,E244,42,Roots,2.95,485.16
2010,12/7/2010,E244,43,Roots,5.9,970.31
2010,12/7/2010,E244,44,Roots,3.07,504.89
2010,12/7/2010,E244,45,Roots,3.59,590.41
2010,12/9/2010,E244,46,Roots,9.55,1570.59
2010,12/7/2010,E244,47,Roots,7.18,1180.82
2010,12/7/2010,E244,48,Roots,10.18,1674.2
2010,12/7/2010,E244,49,Roots,10.16,1670.92
2010,12/9/2010,E244,50,Roots,6.52,1072.28
2010,12/9/2010,E244,51,Roots,4.61,758.16
2010,12/9/2010,E244,52,Roots,28.84,4743.03
2010,12/7/2010,E244,53,Roots,6.13,1008.14
2010,12/7/2010,E244,54,Roots,11.13,1830.44
2010,12/7/2010,E244,55,Roots,6.59,1083.79
2010,12/9/2010,E244,56,Roots,1.37,225.31
2010,12/7/2010,E244,57,Roots,3.12,513.12
2010,12/7/2010,E244,58,Roots,13.06,2147.85
2010,12/9/2010,E244,59,Roots,2.62,430.89
2010,12/9/2010,E244,60,Roots,4.64,763.1
2010,12/9/2010,E244,61,Roots,0.83,136.5
2010,12/9/2010,E244,62,Roots,0.92,151.3
2010,12/9/2010,E244,63,Roots,0.45,74.01
2010,12/9/2010,E244,64,Roots,0.59,97.03
2010,12/7/2010,E244,65,Roots,0.5,82.23
2010,12/9/2010,E244,66,Roots,4.59,754.87
2010,12/9/2010,E244,67,Roots,3.92,644.68
2010,12/7/2010,E244,68,Roots,13.71,2254.75
2010,12/9/2010,E244,69,Roots,3.22,529.56
2010,12/9/2010,E244,70,Roots,5.26,865.06
2010,12/9/2010,E244,71,Roots,3.49,573.97
2010,12/7/2010,E244,72,Roots,4.56,749.94
2010,12/9/2010,E244,73,Roots,10.83,1781.1
2010,12/9/2010,E244,74,Roots,4.9,805.85
2010,12/9/2010,E244,75,Roots,3.98,654.55
2010,12/9/2010,E244,76,Roots,11.63,1912.67
2010,12/9/2010,E244,77,Roots,12.54,2062.33
2010,12/7/2010,E244,78,Roots,8.68,1427.51
2010,12/9/2010,E244,79,Roots,9.41,1547.57
2010,12/9/2010,E244,80,Roots,10.95,1800.84
2010,12/7/2010,E244,81,Roots,7.18,1180.82
2010,12/7/2010,E244,82,Roots,7.08,1164.38
2010,12/9/2010,E244,83,Roots,6.08,999.92
2010,12/7/2010,E244,84,Roots,10.4,1710.39
2010,12/7/2010,E244,85,Roots,8.54,1404.49
2010,12/9/2010,E244,86,Roots,1.43,235.18
2010,12/7/2010,E244,87,Roots,8.84,1453.83
2010,12/8/2010,E244,88,Roots,0.79,129.92
2010,12/9/2010,E244,89,Roots,0.65,106.9
2010,12/7/2010,E244,90,Roots,1.14,187.48
2010,12/7/2010,E244,91,Roots,6.69,1100.24
2010,12/7/2010,E244,92,Roots,9.76,1605.13
2010,12/7/2010,E244,93,Roots,4.25,698.96
2010,12/7/2010,E244,94,Roots,6.89,1133.13
2010,12/7/2010,E244,95,Roots,10.43,1715.32
2010,12/7/2010,E244,96,Roots,4.17,685.8
2010,12/9/2010,E244,97,Roots,1.39,228.6
2010,12/7/2010,E244,98,Roots,1.03,169.39
2010,12/7/2010,E244,99,Roots,2.36,388.13
2010,12/7/2010,E244,100,Roots,2.79,458.84
2010,12/7/2010,E244,101,Roots,4.08,671
2010,12/9/2010,E244,102,Roots,5.3,871.64
2010,12/7/2010,E244,103,Roots,3.45,567.39
2010,12/7/2010,E244,104,Roots,2.96,486.8
2010,12/7/2010,E244,105,Roots,17.7,2910.94
2010,12/9/2010,E244,106,Roots,0.69,113.48
2010,12/9/2010,E244,107,Roots,0.68,111.83
2010,12/7/2010,E244,108,Roots,1.09,179.26
2010,12/8/2010,E244,109,Roots,1.59,261.49
2010,12/9/2010,E244,110,Roots,1.27,208.86
2010,12/8/2010,E244,111,Roots,11.93,1962.01
2010,12/9/2010,E244,112,Roots,5.41,889.73
2010,12/7/2010,E244,113,Roots,5.59,919.33
2010,12/9/2010,E244,114,Roots,4.5,740.07
2010,12/8/2010,E244,115,Roots,7.16,1177.53
2010,12/7/2010,E244,116,Roots,7.91,1300.88
2010,12/8/2010,E244,117,Roots,3.8,624.95
2010,12/7/2010,E244,118,Roots,4.67,768.03
2010,12/9/2010,E244,119,Roots,6,986.76
2010,12/9/2010,E244,120,Roots,5.37,883.15
2010,12/7/2010,E244,121,Roots,4.03,662.77
2010,12/9/2010,E244,122,Roots,1.64,269.71
2010,12/9/2010,E244,123,Roots,1.08,177.62
2010,12/9/2010,E244,124,Roots,1.36,223.67
2010,12/7/2010,E244,125,Roots,1.7,279.58
2010,12/9/2010,E244,126,Roots,4.65,764.74
2010,12/7/2010,E244,127,Roots,5.94,976.89
2010,12/7/2010,E244,128,Roots,6.03,991.69
2010,12/7/2010,E244,129,Roots,6.17,1014.72
2010,12/9/2010,E244,130,Roots,5.04,828.88
2010,12/9/2010,E244,131,Roots,2.42,397.99
2010,12/9/2010,E244,132,Roots,2.41,396.35
2010,12/7/2010,E244,133,Roots,3.08,506.54
2010,12/9/2010,E244,134,Roots,1.57,258.2
2010,12/7/2010,E244,135,Roots,1.64,269.71
2010,12/7/2010,E244,136,Roots,8.69,1429.16
2010,12/9/2010,E244,137,Roots,8.9,1463.7
2010,12/7/2010,E244,138,Roots,16.05,2639.59
2010,12/7/2010,E244,139,Roots,9.98,1641.31
2010,12/9/2010,E244,140,Roots,7.2,1184.11
2010,12/9/2010,E244,141,Roots,5.27,866.71
2010,12/9/2010,E244,142,Roots,5.92,973.6
2010,12/9/2010,E244,143,Roots,2.41,396.35
2010,12/8/2010,E244,144,Roots,1.71,281.23
2010,12/9/2010,E244,145,Roots,4.38,720.34
2010,12/9/2010,E244,146,Roots,3.44,565.74
2010,12/9/2010,E244,147,Roots,4.1,674.29
2010,12/9/2010,E244,148,Roots,5.68,934.13
2010,12/8/2010,E244,149,Roots,4.97,817.37
2010,12/9/2010,E244,150,Roots,2.47,406.22
2010,12/9/2010,E244,151,Roots,4.28,703.89
2010,12/7/2010,E244,152,Roots,8.48,1394.62
2010,12/9/2010,E244,153,Roots,4.32,710.47
2010,12/7/2010,E244,154,Roots,2.63,432.53
2010,12/7/2010,E244,155,Roots,8.13,1337.06
2010,12/7/2010,E244,156,Roots,2.03,333.85
2010,12/7/2010,E244,157,Roots,5.14,845.33
2010,12/7/2010,E244,158,Roots,0.61,100.32
2010,12/9/2010,E244,159,Roots,1.87,307.54
2010,12/9/2010,E244,160,Roots,1.89,310.83
2010,12/9/2010,E244,161,Roots,3.4,559.16
2010,12/9/2010,E244,162,Roots,2.43,399.64
2010,12/9/2010,E244,163,Roots,1.7,279.58
2010,12/8/2010,E244,164,Roots,1.09,179.26
2010,12/9/2010,E244,165,Roots,4.74,779.54
2010,12/9/2010,E244,166,Roots,8.06,1325.55
2010,12/9/2010,E244,167,Roots,8.33,1369.95
2010,12/9/2010,E244,168,Roots,7.18,1180.82
2010,12/7/2010,E244,169,Roots,8.71,1432.45
2010,12/7/2010,E244,170,Roots,13.98,2299.15
2010,12/7/2010,E244,171,Roots,9.54,1568.95
2010,12/9/2010,E244,172,Roots,6.88,1131.49
2010,12/9/2010,E244,173,Roots,8.62,1417.65
2010,12/9/2010,E244,174,Roots,5.79,952.22
2010,12/9/2010,E244,175,Roots,8,1315.68
2010,12/7/2010,E244,176,Roots,8.14,1338.71
2010,12/7/2010,E244,177,Roots,8.99,1478.5
2010,12/7/2010,E244,178,Roots,4.29,705.53
2010,12/9/2010,E244,179,Roots,7.09,1166.02
2010,12/7/2010,E244,180,Roots,9.1,1496.59
2010,12/9/2010,E244,181,Roots,1.12,184.2
2010,12/9/2010,E244,182,Roots,1.29,212.15
2010,12/7/2010,E244,183,Roots,1.21,199
2010,12/7/2010,E244,184,Roots,0.61,100.32
2010,12/9/2010,E244,185,Roots,0.76,124.99
2010,12/9/2010,E244,186,Roots,5.85,962.09
2010,12/9/2010,E244,187,Roots,5.45,896.31
2010,12/9/2010,E244,188,Roots,4.83,794.34
2010,12/9/2010,E244,189,Roots,4.52,743.36
2010,12/8/2010,E244,190,Roots,4.83,794.34
2010,12/7/2010,E244,191,Roots,6.4,1052.55
2010,12/7/2010,E244,192,Roots,5.37,883.15
2010,12/7/2010,E244,193,Roots,9.47,1557.44
2010,12/9/2010,E244,194,Roots,4.11,675.93
2010,12/7/2010,E244,195,Roots,7.91,1300.88
2010,12/9/2010,E244,196,Roots,1.1,180.91
2010,12/7/2010,E244,197,Roots,0.8,131.57
2010,12/9/2010,E244,198,Roots,1.2,197.35
2010,12/9/2010,E244,199,Roots,1.09,179.26
2010,12/9/2010,E244,200,Roots,3.63,596.99
2010,12/8/2010,E244,201,Roots,0.89,146.37
2010,12/7/2010,E244,202,Roots,3.99,656.2
2010,12/9/2010,E244,203,Roots,1.61,264.78
2010,12/9/2010,E244,204,Roots,3.85,633.17
2010,12/7/2010,E244,205,Roots,2.4,394.7
2010,12/7/2010,E245,1,Roots,5.68,700.63
2010,12/7/2010,E245,2,Roots,5.27,650.06
2010,12/7/2010,E245,3,Roots,4.8,592.08
2010,12/7/2010,E245,4,Roots,5.83,719.13
2010,12/7/2010,E245,5,Roots,5.54,683.36
2010,12/7/2010,E245,6,Roots,6.05,746.27
2010,12/7/2010,E245,7,Roots,3.77,465.03
2010,12/7/2010,E245,8,Roots,6.66,821.51
2010,12/7/2010,E245,9,Roots,6.71,827.68
2010,12/7/2010,E245,10,Roots,4.29,529.17
2010,12/7/2010,E245,11,Roots,5.62,693.23
2010,12/7/2010,E245,12,Roots,4.37,539.04
2010,12/7/2010,E245,13,Roots,4.39,541.51
2010,12/7/2010,E245,14,Roots,5.14,634.02
2010,12/7/2010,E245,15,Roots,6.94,856.05
2010,12/7/2010,E245,16,Roots,4.47,551.38
2010,12/7/2010,E245,17,Roots,4.81,593.31
2010,12/7/2010,E245,18,Roots,3.52,434.19
2010,12/7/2010,E245,19,Roots,7.42,915.26
2010,12/7/2010,E245,20,Roots,7.02,865.92
2010,12/7/2010,E245,21,Roots,5.05,622.92
2010,12/7/2010,E245,22,Roots,5.9,727.77
2010,12/7/2010,E245,23,Roots,8.22,1013.94
2010,12/7/2010,E245,24,Roots,3.96,488.47
2010,12/7/2010,E245,25,Roots,5.1,629.09
2010,12/7/2010,E245,26,Roots,5.31,654.99
2010,12/7/2010,E245,27,Roots,4.28,527.94
2010,12/7/2010,E245,28,Roots,5.51,679.66
2010,12/7/2010,E245,29,Roots,3.83,472.43
2010,12/7/2010,E245,30,Roots,5.71,704.33
2010,12/6/2010,E245,31,Roots,2.72,335.51
2010,12/6/2010,E245,32,Roots,7.28,897.99
2010,12/6/2010,E245,33,Roots,3.57,440.36
2010,12/6/2010,E245,34,Roots,4.03,497.1
2010,12/6/2010,E245,35,Roots,18.48,2279.51
2010,12/6/2010,E245,36,Roots,6.3,777.11
2010,12/6/2010,E245,37,Roots,4.87,600.72
2010,12/6/2010,E245,38,Roots,4.67,576.05
2010,12/6/2010,E245,39,Roots,6.42,791.91
2010,12/6/2010,E245,40,Roots,4.25,524.24
2010,12/6/2010,E245,41,Roots,6.85,844.95
2010,12/6/2010,E245,42,Roots,3.45,425.56
2010,12/6/2010,E245,43,Roots,4.26,525.47
2010,12/6/2010,E245,44,Roots,6.89,849.88
2010,12/6/2010,E245,45,Roots,6.17,761.07
2010,12/6/2010,E245,46,Roots,5.91,729
2010,12/6/2010,E245,47,Roots,7.06,870.85
2010,12/6/2010,E245,48,Roots,3.79,467.5
2011,12/13/2011,E244,1,Roots,3.031,498.52
2011,12/13/2011,E244,2,Roots,2.267,372.86
2011,12/13/2011,E244,3,Roots,1.672,275
2011,12/13/2011,E244,4,Roots,1.018,167.43
2011,12/13/2011,E244,5,Roots,3.229,531.09
2011,12/13/2011,E244,6,Roots,3.73,613.49
2011,12/13/2011,E244,7,Roots,8.128,1336.84
2011,12/13/2011,E244,8,Roots,3.352,551.32
2011,12/13/2011,E244,9,Roots,5.193,854.11
2011,12/13/2011,E244,10,Roots,3.899,641.28
2011,12/13/2011,E244,11,Roots,0.383,62.99
2011,12/13/2011,E244,12,Roots,1.617,265.95
2011,12/13/2011,E244,13,Roots,0.429,70.56
2011,12/13/2011,E244,14,Roots,1.267,208.39
2011,12/13/2011,E244,15,Roots,0.945,155.43
2011,12/13/2011,E244,16,Roots,7.973,1311.35
2011,12/13/2011,E244,17,Roots,8.237,1354.77
2011,12/13/2011,E244,18,Roots,2.34,384.87
2011,12/13/2011,E244,19,Roots,7.352,1209.21
2011,12/13/2011,E244,20,Roots,7.317,1203.45
2011,12/13/2011,E244,21,Roots,7.477,1229.77
2011,12/13/2011,E244,22,Roots,3.669,603.45
2011,12/13/2011,E244,23,Roots,5.175,851.15
2011,12/13/2011,E244,24,Roots,6.147,1011.02
2011,12/13/2011,E244,25,Roots,6.75,1110.2
2011,12/13/2011,E244,26,Roots,4.881,802.8
2011,12/13/2011,E244,27,Roots,2.066,339.8
2011,12/13/2011,E244,28,Roots,3.612,594.08
2011,12/13/2011,E244,29,Roots,1.698,279.28
2011,12/13/2011,E244,30,Roots,2.237,367.93
2011,12/13/2011,E244,31,Roots,10.305,1694.9
2011,12/13/2011,E244,32,Roots,3.314,545.07
2011,12/13/2011,E244,33,Roots,13.192,2169.74
2011,12/13/2011,E244,34,Roots,5.252,863.82
2011,12/13/2011,E244,35,Roots,8.031,1320.89
2011,12/13/2011,E244,36,Roots,10.385,1708.06
2011,12/13/2011,E244,37,Roots,4.954,814.8
2011,12/13/2011,E244,38,Roots,7.226,1188.49
2011,12/13/2011,E244,39,Roots,5.054,831.25
2011,12/13/2011,E244,40,Roots,17.331,2850.49
2011,12/13/2011,E244,41,Roots,2.296,377.63
2011,12/13/2011,E244,42,Roots,3.555,584.7
2011,12/13/2011,E244,43,Roots,3.776,621.05
2011,12/13/2011,E244,44,Roots,3.499,575.49
2011,12/13/2011,E244,45,Roots,3.513,577.8
2011,12/13/2011,E244,46,Roots,6.043,993.91
2011,12/13/2011,E244,47,Roots,10.523,1730.76
2011,12/13/2011,E244,48,Roots,7.878,1295.72
2011,12/13/2011,E244,49,Roots,4.513,742.27
2011,12/13/2011,E244,50,Roots,17.744,2918.42
2011,12/13/2011,E244,51,Roots,8.86,1457.24
2011,12/13/2011,E244,52,Roots,4.097,673.85
2011,12/13/2011,E244,53,Roots,5.598,920.72
2011,12/13/2011,E244,54,Roots,10.412,1712.5
2011,12/13/2011,E244,55,Roots,3.834,630.59
2011,12/13/2011,E244,56,Roots,1.078,177.3
2011,12/13/2011,E244,57,Roots,4.408,725
2011,12/13/2011,E244,58,Roots,2.032,334.21
2011,12/13/2011,E244,59,Roots,2.463,405.1
2011,12/13/2011,E244,60,Roots,9.827,1616.28
2011,12/13/2011,E244,61,Roots,1.968,323.68
2011,12/13/2011,E244,62,Roots,17.835,2933.39
2011,12/13/2011,E244,63,Roots,1.238,203.62
2011,12/13/2011,E244,64,Roots,0.601,98.85
2011,12/13/2011,E244,65,Roots,3.861,635.03
2011,12/13/2011,E244,66,Roots,4.036,663.82
2011,12/13/2011,E244,67,Roots,35.32,5809.21
2011,12/13/2011,E244,68,Roots,2.122,349.01
2011,12/13/2011,E244,69,Roots,3.121,513.32
2011,12/13/2011,E244,70,Roots,4.077,670.56
2011,12/13/2011,E244,71,Roots,6.395,1051.81
2011,12/13/2011,E244,72,Roots,10.733,1765.3
2011,12/13/2011,E244,73,Roots,11.774,1936.51
2011,12/13/2011,E244,74,Roots,16.912,2781.58
2011,12/13/2011,E244,75,Roots,4.927,810.36
2011,12/13/2011,E244,76,Roots,8.866,1458.22
2011,12/13/2011,E244,77,Roots,14.678,2414.14
2011,12/13/2011,E244,78,Roots,9.815,1614.31
2011,12/13/2011,E244,79,Roots,9.835,1617.6
2011,12/13/2011,E244,80,Roots,7.885,1296.88
2011,12/13/2011,E244,81,Roots,14.303,2352.47
2011,12/13/2011,E244,82,Roots,3.906,642.43
2011,12/13/2011,E244,83,Roots,10.911,1794.57
2011,12/13/2011,E244,84,Roots,16.104,2648.68
2011,12/13/2011,E244,85,Roots,11.996,1973.03
2011,12/13/2011,E244,86,Roots,1.616,265.79
2011,12/13/2011,E244,87,Roots,1.096,180.26
2011,12/13/2011,E244,88,Roots,10.476,1723.03
2011,12/13/2011,E244,89,Roots,1.014,166.78
2011,12/13/2011,E244,90,Roots,0.98,161.18
2011,12/13/2011,E244,91,Roots,8.307,1366.28
2011,12/13/2011,E244,92,Roots,9.375,1541.94
2011,12/13/2011,E244,93,Roots,1.159,190.63
2011,12/13/2011,E244,94,Roots,2.309,379.77
2011,12/13/2011,E244,95,Roots,3.324,546.71
2011,12/13/2011,E244,96,Roots,3.953,650.16
2011,12/13/2011,E244,97,Roots,3.593,590.95
2011,12/13/2011,E244,98,Roots,2.852,469.08
2011,12/13/2011,E244,99,Roots,3.994,656.91
2011,12/13/2011,E244,100,Roots,3.978,654.28
2011,12/13/2011,E244,101,Roots,3.774,620.72
2011,12/13/2011,E244,102,Roots,4.954,814.8
2011,12/13/2011,E244,103,Roots,4.422,727.3
2011,12/13/2011,E244,104,Roots,1.798,295.72
2011,12/13/2011,E244,105,Roots,3.291,541.28
2011,12/13/2011,E244,106,Roots,1.041,171.22
2011,12/13/2011,E244,107,Roots,1.696,278.95
2011,12/13/2011,E244,108,Roots,1.842,302.96
2011,12/13/2011,E244,109,Roots,1.425,234.38
2011,12/13/2011,E244,110,Roots,2.4,394.74
2011,12/13/2011,E244,111,Roots,12.33,2027.96
2011,12/13/2011,E244,112,Roots,4.957,815.3
2011,12/13/2011,E244,113,Roots,4.466,734.54
2011,12/13/2011,E244,114,Roots,10.913,1794.9
2011,12/13/2011,E244,115,Roots,9.717,1598.19
2011,12/13/2011,E244,116,Roots,3.523,579.44
2011,12/13/2011,E244,117,Roots,5.39,886.51
2011,12/13/2011,E244,118,Roots,3.83,629.93
2011,12/13/2011,E244,119,Roots,31.651,5205.76
2011,12/13/2011,E244,120,Roots,8.131,1337.34
2011,12/13/2011,E244,121,Roots,1.524,250.66
2011,12/13/2011,E244,122,Roots,4.337,713.32
2011,12/13/2011,E244,123,Roots,2.974,489.14
2011,12/13/2011,E244,124,Roots,2.296,377.63
2011,12/13/2011,E244,125,Roots,3.471,570.89
2011,12/13/2011,E244,126,Roots,6.728,1106.58
2011,12/13/2011,E244,127,Roots,6.778,1114.8
2011,12/13/2011,E244,128,Roots,7.048,1159.21
2011,12/13/2011,E244,129,Roots,12.593,2071.22
2011,12/13/2011,E244,130,Roots,8.791,1445.89
2011,12/13/2011,E244,131,Roots,2.887,474.84
2011,12/13/2011,E244,132,Roots,2.496,410.53
2011,12/13/2011,E244,133,Roots,4.074,670.07
2011,12/13/2011,E244,134,Roots,3.016,496.05
2011,12/13/2011,E244,135,Roots,0.814,133.88
2011,12/13/2011,E244,136,Roots,12.343,2030.1
2011,12/13/2011,E244,137,Roots,4.454,732.57
2011,12/13/2011,E244,138,Roots,15.852,2607.24
2011,12/13/2011,E244,139,Roots,13.027,2142.6
2011,12/13/2011,E244,140,Roots,7.654,1258.88
2011,12/13/2011,E244,141,Roots,1.502,247.04
2011,12/13/2011,E244,142,Roots,1.786,293.75
2011,12/13/2011,E244,143,Roots,0.897,147.53
2011,12/13/2011,E244,144,Roots,1.941,319.24
2011,12/13/2011,E244,145,Roots,3.381,556.09
2011,12/13/2011,E244,146,Roots,3.648,600
2011,12/13/2011,E244,147,Roots,3.981,654.77
2011,12/13/2011,E244,148,Roots,1.256,206.58
2011,12/13/2011,E244,149,Roots,1.738,285.86
2011,12/13/2011,E244,150,Roots,2.255,370.89
2011,12/13/2011,E244,151,Roots,3.962,651.64
2011,12/13/2011,E244,152,Roots,4.896,805.26
2011,12/13/2011,E244,153,Roots,4.159,684.05
2011,12/13/2011,E244,154,Roots,7.624,1253.95
2011,12/13/2011,E244,155,Roots,2.273,373.85
2011,12/13/2011,E244,156,Roots,0.943,155.1
2011,12/13/2011,E244,157,Roots,2.758,453.62
2011,12/13/2011,E244,158,Roots,2.125,349.51
2011,12/13/2011,E244,159,Roots,1.302,214.14
2011,12/13/2011,E244,160,Roots,1.453,238.98
2011,12/13/2011,E244,161,Roots,2.999,493.26
2011,12/13/2011,E244,162,Roots,2.514,413.49
2011,12/13/2011,E244,163,Roots,4.467,734.7
2011,12/13/2011,E244,164,Roots,2.397,394.24
2011,12/13/2011,E244,165,Roots,1.587,261.02
2011,12/13/2011,E244,166,Roots,12.588,2070.39
2011,12/13/2011,E244,167,Roots,3.751,616.94
2011,12/13/2011,E244,168,Roots,11.668,1919.08
2011,12/13/2011,E244,169,Roots,5.434,893.75
2011,12/13/2011,E244,170,Roots,10.647,1751.15
2011,12/13/2011,E244,171,Roots,8.383,1378.78
2011,12/13/2011,E244,172,Roots,8.21,1350.33
2011,12/13/2011,E244,173,Roots,15.781,2595.56
2011,12/13/2011,E244,174,Roots,8.559,1407.73
2011,12/13/2011,E244,175,Roots,11.911,1959.05
2011,12/13/2011,E244,176,Roots,7.115,1170.23
2011,12/13/2011,E244,177,Roots,5.412,890.13
2011,12/13/2011,E244,178,Roots,7.855,1291.94
2011,12/13/2011,E244,179,Roots,4.841,796.22
2011,12/13/2011,E244,180,Roots,11.553,1900.16
2011,12/13/2011,E244,181,Roots,2.033,334.38
2011,12/13/2011,E244,182,Roots,1.832,301.32
2011,12/13/2011,E244,183,Roots,1.745,287.01
2011,12/13/2011,E244,184,Roots,1.359,223.52
2011,12/13/2011,E244,185,Roots,1.963,322.86
2011,12/13/2011,E244,186,Roots,4.421,727.14
2011,12/13/2011,E244,187,Roots,7.657,1259.38
2011,12/13/2011,E244,188,Roots,8.569,1409.38
2011,12/13/2011,E244,189,Roots,4.681,769.9
2011,12/13/2011,E244,190,Roots,4.888,803.95
2011,12/13/2011,E244,191,Roots,9.214,1515.46
2011,12/13/2011,E244,192,Roots,7.971,1311.02
2011,12/13/2011,E244,193,Roots,6.663,1095.89
2011,12/13/2011,E244,194,Roots,13.808,2271.05
2011,12/13/2011,E244,195,Roots,3.839,631.41
2011,12/13/2011,E244,196,Roots,0.755,124.18
2011,12/13/2011,E244,197,Roots,1.385,227.8
2011,12/13/2011,E244,198,Roots,0.333,54.77
2011,12/13/2011,E244,199,Roots,1.299,213.65
2011,12/13/2011,E244,200,Roots,1.603,263.65
2011,12/13/2011,E244,201,Roots,2.697,443.59
2011,12/13/2011,E244,202,Roots,2.979,489.97
2011,12/13/2011,E244,203,Roots,1.751,287.99
2011,12/13/2011,E244,204,Roots,0.745,122.53
2011,12/13/2011,E244,205,Roots,2.126,349.67
2011,8/2/2011,E245,1,Roots,2.864,353.14
2011,8/2/2011,E245,2,Roots,4.1276,508.95
2011,8/2/2011,E245,3,Roots,4.7399,584.45
2011,8/2/2011,E245,4,Roots,4.873,600.86
2011,8/2/2011,E245,5,Roots,4.8958,603.67
2011,8/2/2011,E245,6,Roots,3.0258,373.09
2011,8/2/2011,E245,7,Roots,5.2259,644.38
2011,8/2/2011,E245,8,Roots,2.5724,317.19
2011,8/2/2011,E245,9,Roots,3.4731,428.25
2011,8/2/2011,E245,10,Roots,6.7847,836.58
2011,8/2/2011,E245,11,Roots,7.3141,901.86
2011,8/2/2011,E245,12,Roots,5.6396,695.39
2011,8/2/2011,E245,13,Roots,4.4076,543.48
2011,8/2/2011,E245,14,Roots,3.7769,465.71
2011,8/2/2011,E245,15,Roots,4.2178,520.07
2011,8/2/2011,E245,16,Roots,4.4321,546.5
2011,8/2/2011,E245,17,Roots,5.3799,663.37
2011,8/2/2011,E245,18,Roots,5.8552,721.97
2011,8/2/2011,E245,19,Roots,6.1772,761.68
2011,8/2/2011,E245,20,Roots,4.7878,590.36
2011,8/2/2011,E245,21,Roots,5.0946,628.19
2011,8/2/2011,E245,22,Roots,4.9667,612.42
2011,8/2/2011,E245,23,Roots,10.2245,1260.73
2011,8/2/2011,E245,24,Roots,2.6265,323.86
2011,8/2/2011,E245,25,Roots,3.3641,414.81
2011,8/2/2011,E245,26,Roots,6.5418,806.63
2011,8/2/2011,E245,27,Roots,6.3629,784.57
2011,8/2/2011,E245,28,Roots,4.3484,536.18
2011,8/2/2011,E245,29,Roots,2.6741,329.73
2011,8/2/2011,E245,30,Roots,3.3204,409.42
2011,8/2/2011,E245,31,Roots,3.5517,437.94
2011,8/2/2011,E245,32,Roots,4.6398,572.11
2011,8/2/2011,E245,33,Roots,2.7644,340.86
2011,8/2/2011,E245,34,Roots,4.4029,542.9
2011,8/2/2011,E245,35,Roots,6.2212,767.1
2011,8/2/2011,E245,36,Roots,1.7344,213.86
2011,8/2/2011,E245,37,Roots,5.9346,731.76
2011,8/2/2011,E245,38,Roots,5.0653,624.57
2011,8/2/2011,E245,39,Roots,6.2951,776.21
2011,8/2/2011,E245,40,Roots,3.539,436.37
2011,8/2/2011,E245,41,Roots,5.7166,704.88
2011,8/2/2011,E245,42,Roots,6.6569,820.83
2011,8/2/2011,E245,43,Roots,4.3863,540.85
2011,8/2/2011,E245,44,Roots,3.2261,397.79
2011,8/2/2011,E245,45,Roots,8.7949,1084.45
2011,8/2/2011,E245,46,Roots,5.3999,665.83
2011,8/2/2011,E245,47,Roots,6.2043,765.02
2011,8/2/2011,E245,48,Roots,6.6922,825.18
2012,9/7/2012,E244,1,Roots,5.44,894.74
2012,9/7/2012,E244,2,Roots,4.21,692.43
2012,9/7/2012,E244,3,Roots,2.03,333.88
2012,9/7/2012,E244,4,Roots,1.85,304.28
2012,9/7/2012,E244,5,Roots,2.43,399.67
2012,9/7/2012,E244,6,Roots,8.92,1467.11
2012,9/7/2012,E244,7,Roots,5.75,945.72
2012,9/7/2012,E244,8,Roots,6.04,993.42
2012,9/7/2012,E244,9,Roots,4.29,705.59
2012,9/7/2012,E244,10,Roots,5.58,917.76
2012,9/7/2012,E244,11,Roots,0.48,78.95
2012,9/7/2012,E244,12,Roots,1.72,282.89
2012,9/7/2012,E244,13,Roots,1.36,223.68
2012,9/7/2012,E244,14,Roots,0.61,100.33
2012,9/7/2012,E244,15,Roots,0.42,69.08
2012,9/7/2012,E244,16,Roots,11.46,1884.87
2012,9/7/2012,E244,17,Roots,9.84,1618.42
2012,9/7/2012,E244,18,Roots,13.16,2164.47
2012,9/7/2012,E244,19,Roots,6.37,1047.7
2012,9/7/2012,E244,20,Roots,10.6,1743.42
2012,9/7/2012,E244,21,Roots,5.57,916.12
2012,9/7/2012,E244,22,Roots,8.56,1407.89
2012,9/7/2012,E244,23,Roots,7.46,1226.97
2012,9/7/2012,E244,24,Roots,12.09,1988.49
2012,9/7/2012,E244,25,Roots,14.93,2455.59
2012,9/7/2012,E244,26,Roots,5.91,972.04
2012,9/7/2012,E244,27,Roots,6.08,1000
2012,9/7/2012,E244,28,Roots,3.31,544.41
2012,9/7/2012,E244,29,Roots,1.57,258.22
2012,9/7/2012,E244,30,Roots,4.88,802.63
2012,9/7/2012,E244,31,Roots,8.78,1444.08
2012,9/7/2012,E244,32,Roots,6.46,1062.5
2012,9/7/2012,E244,33,Roots,7.61,1251.64
2012,9/7/2012,E244,34,Roots,7.03,1156.25
2012,9/7/2012,E244,35,Roots,6.19,1018.09
2012,9/7/2012,E244,36,Roots,9.84,1618.42
2012,9/7/2012,E244,37,Roots,4.36,717.11
2012,9/7/2012,E244,38,Roots,5.42,891.45
2012,9/7/2012,E244,39,Roots,10.83,1781.25
2012,9/7/2012,E244,40,Roots,7.42,1220.39
2012,9/7/2012,E244,41,Roots,5.37,883.22
2012,9/7/2012,E244,42,Roots,5.71,939.14
2012,9/7/2012,E244,43,Roots,4.14,680.92
2012,9/7/2012,E244,44,Roots,2.9,476.97
2012,9/7/2012,E244,45,Roots,2.22,365.13
2012,9/7/2012,E244,46,Roots,9.36,1539.47
2012,9/7/2012,E244,47,Roots,6.24,1026.32
2012,9/7/2012,E244,48,Roots,12.77,2100.33
2012,9/7/2012,E244,49,Roots,7.14,1174.34
2012,9/7/2012,E244,50,Roots,10.27,1689.14
2012,9/7/2012,E244,51,Roots,5.8,953.95
2012,9/7/2012,E244,52,Roots,4.91,807.57
2012,9/7/2012,E244,53,Roots,2.84,467.11
2012,9/7/2012,E244,54,Roots,4.48,736.84
2012,9/7/2012,E244,55,Roots,7.68,1263.16
2012,9/7/2012,E244,56,Roots,3.17,521.38
2012,9/7/2012,E244,57,Roots,2.91,478.62
2012,9/7/2012,E244,58,Roots,4.23,695.72
2012,9/7/2012,E244,59,Roots,1.47,241.78
2012,9/7/2012,E244,60,Roots,3.96,651.32
2012,9/7/2012,E244,61,Roots,8.41,1383.22
2012,9/7/2012,E244,62,Roots,1.45,238.49
2012,9/7/2012,E244,63,Roots,14.25,2343.75
2012,9/7/2012,E244,64,Roots,0.96,157.89
2012,9/7/2012,E244,65,Roots,4.67,768.09
2012,9/7/2012,E244,66,Roots,20.82,3424.34
2012,9/7/2012,E244,67,Roots,4.47,735.2
2012,9/7/2012,E244,68,Roots,11.78,1937.5
2012,9/7/2012,E244,69,Roots,3.75,616.78
2012,9/7/2012,E244,70,Roots,3.57,587.17
2012,9/7/2012,E244,71,Roots,7.87,1294.41
2012,9/7/2012,E244,72,Roots,4.68,769.74
2012,9/7/2012,E244,73,Roots,9.62,1582.24
2012,9/7/2012,E244,74,Roots,7.19,1182.57
2012,9/7/2012,E244,75,Roots,1.99,327.3
2012,9/7/2012,E244,76,Roots,12.18,2003.29
2012,9/7/2012,E244,77,Roots,11.43,1879.93
2012,9/7/2012,E244,78,Roots,14.01,2304.28
2012,9/7/2012,E244,79,Roots,9.5,1562.5
2012,9/7/2012,E244,80,Roots,10.26,1687.5
2012,9/7/2012,E244,81,Roots,6.58,1082.24
2012,9/7/2012,E244,82,Roots,3.24,532.89
2012,9/7/2012,E244,83,Roots,3.43,564.14
2012,9/7/2012,E244,84,Roots,6.83,1123.36
2012,9/7/2012,E244,85,Roots,8.46,1391.45
2012,9/7/2012,E244,86,Roots,2.94,483.55
2012,9/7/2012,E244,87,Roots,0.88,144.74
2012,9/7/2012,E244,88,Roots,0.84,138.16
2012,9/7/2012,E244,89,Roots,0.5,82.24
2012,9/7/2012,E244,90,Roots,0.94,154.61
2012,9/7/2012,E244,91,Roots,11.94,1963.82
2012,9/7/2012,E244,92,Roots,7.64,1256.58
2012,9/7/2012,E244,93,Roots,6.07,998.36
2012,9/7/2012,E244,94,Roots,3.07,504.93
2012,9/7/2012,E244,95,Roots,4.2,690.79
2012,9/7/2012,E244,96,Roots,4.25,699.01
2012,9/7/2012,E244,97,Roots,1.62,266.45
2012,9/7/2012,E244,98,Roots,1.78,292.76
2012,9/7/2012,E244,99,Roots,3.29,541.12
2012,9/7/2012,E244,100,Roots,1.84,302.63
2012,9/7/2012,E244,101,Roots,2.24,368.42
2012,9/7/2012,E244,102,Roots,6.54,1075.66
2012,9/7/2012,E244,103,Roots,8.66,1424.34
2012,9/7/2012,E244,104,Roots,2.89,475.33
2012,9/7/2012,E244,105,Roots,3.49,574.01
2012,9/7/2012,E244,106,Roots,0.75,123.36
2012,9/7/2012,E244,107,Roots,0.66,108.55
2012,9/7/2012,E244,108,Roots,2.1,345.39
2012,9/7/2012,E244,109,Roots,0.95,156.25
2012,9/7/2012,E244,110,Roots,1.11,182.57
2012,9/7/2012,E244,111,Roots,7.88,1296.05
2012,9/7/2012,E244,112,Roots,2.24,368.42
2012,9/7/2012,E244,113,Roots,7.39,1215.46
2012,9/7/2012,E244,114,Roots,7.58,1246.71
2012,9/7/2012,E244,115,Roots,9.19,1511.51
2012,9/7/2012,E244,116,Roots,7.73,1271.38
2012,9/7/2012,E244,117,Roots,7.33,1205.59
2012,9/7/2012,E244,118,Roots,3.92,644.74
2012,9/7/2012,E244,119,Roots,13.37,2199.01
2012,9/7/2012,E244,120,Roots,5.09,837.17
2012,9/7/2012,E244,121,Roots,3.22,529.61
2012,9/7/2012,E244,122,Roots,1.2,197.37
2012,9/7/2012,E244,123,Roots,1.66,273.03
2012,9/7/2012,E244,124,Roots,1.74,286.18
2012,9/7/2012,E244,125,Roots,2.12,348.68
2012,9/7/2012,E244,126,Roots,4.67,768.09
2012,9/7/2012,E244,127,Roots,8.51,1399.67
2012,9/7/2012,E244,128,Roots,5.45,896.38
2012,9/7/2012,E244,129,Roots,6.31,1037.83
2012,9/7/2012,E244,130,Roots,8.34,1371.71
2012,9/7/2012,E244,131,Roots,1.66,273.03
2012,9/7/2012,E244,132,Roots,2.26,371.71
2012,9/7/2012,E244,133,Roots,1.39,228.62
2012,9/7/2012,E244,134,Roots,1.38,226.97
2012,9/7/2012,E244,135,Roots,3.31,544.41
2012,9/7/2012,E244,136,Roots,10.84,1782.89
2012,9/7/2012,E244,137,Roots,6.64,1092.11
2012,9/7/2012,E244,138,Roots,6.37,1047.7
2012,9/7/2012,E244,139,Roots,7.99,1314.14
2012,9/7/2012,E244,140,Roots,9.71,1597.04
2012,9/7/2012,E244,141,Roots,1.36,223.68
2012,9/7/2012,E244,142,Roots,1.87,307.57
2012,9/7/2012,E244,143,Roots,1.53,251.64
2012,9/7/2012,E244,144,Roots,2.92,480.26
2012,9/7/2012,E244,145,Roots,4.33,712.17
2012,9/7/2012,E244,146,Roots,4.34,713.82
2012,9/7/2012,E244,147,Roots,2.68,440.79
2012,9/7/2012,E244,148,Roots,3.45,567.43
2012,9/7/2012,E244,149,Roots,3.74,615.13
2012,9/7/2012,E244,150,Roots,3.16,519.74
2012,9/7/2012,E244,151,Roots,3.66,601.97
2012,9/7/2012,E244,152,Roots,5.87,965.46
2012,9/7/2012,E244,153,Roots,3.33,547.7
2012,9/7/2012,E244,154,Roots,5.79,952.3
2012,9/7/2012,E244,155,Roots,3.47,570.72
2012,9/7/2012,E244,156,Roots,3.53,580.59
2012,9/7/2012,E244,157,Roots,1.34,220.39
2012,9/7/2012,E244,158,Roots,2.49,409.54
2012,9/7/2012,E244,159,Roots,2.69,442.43
2012,9/7/2012,E244,160,Roots,1.3,213.82
2012,9/7/2012,E244,161,Roots,1.99,327.3
2012,9/7/2012,E244,162,Roots,7.5,1233.55
2012,9/7/2012,E244,163,Roots,2.23,366.78
2012,9/7/2012,E244,164,Roots,4.39,722.04
2012,9/7/2012,E244,165,Roots,3.24,532.89
2012,9/7/2012,E244,166,Roots,9.29,1527.96
2012,9/7/2012,E244,167,Roots,9.4,1546.05
2012,9/7/2012,E244,168,Roots,5.29,870.07
2012,9/7/2012,E244,169,Roots,6.58,1082.24
2012,9/7/2012,E244,170,Roots,16.23,2669.41
2012,9/7/2012,E244,171,Roots,13.89,2284.54
2012,9/7/2012,E244,172,Roots,9.88,1625
2012,9/7/2012,E244,173,Roots,7.64,1256.58
2012,9/7/2012,E244,174,Roots,4.8,789.47
2012,9/7/2012,E244,175,Roots,6.95,1143.09
2012,9/7/2012,E244,176,Roots,3.58,588.82
2012,9/7/2012,E244,177,Roots,10.9,1792.76
2012,9/7/2012,E244,179,Roots,6.37,1047.7
2012,9/7/2012,E244,180,Roots,10.45,1718.75
2012,9/7/2012,E244,181,Roots,1.92,315.79
2012,9/7/2012,E244,182,Roots,1.79,294.41
2012,9/7/2012,E244,183,Roots,2.43,399.67
2012,9/7/2012,E244,184,Roots,0.63,103.62
2012,9/7/2012,E244,185,Roots,1.19,195.72
2012,9/7/2012,E244,186,Roots,7.8,1282.89
2012,9/7/2012,E244,187,Roots,1.8,296.05
2012,9/7/2012,E244,188,Roots,3.89,639.8
2012,9/7/2012,E244,189,Roots,9.2,1513.16
2012,9/7/2012,E244,190,Roots,10.29,1692.43
2012,9/7/2012,E244,191,Roots,15.53,2554.28
2012,9/7/2012,E244,192,Roots,5.5,904.61
2012,9/7/2012,E244,193,Roots,3.81,626.64
2012,9/7/2012,E244,194,Roots,8.42,1384.87
2012,9/7/2012,E244,195,Roots,5.75,945.72
2012,9/7/2012,E244,196,Roots,1.28,210.53
2012,9/7/2012,E244,197,Roots,1.75,287.83
2012,9/7/2012,E244,198,Roots,10.06,1654.61
2012,9/7/2012,E244,199,Roots,2.13,350.33
2012,9/7/2012,E244,200,Roots,2.83,465.46
2012,9/7/2012,E244,201,Roots,2.15,353.62
2012,9/7/2012,E244,202,Roots,1.11,182.57
2012,9/7/2012,E244,203,Roots,1.06,174.34
2012,9/7/2012,E244,204,Roots,0.48,78.95
2012,9/7/2012,E244,205,Roots,4.19,689.14
2012,9/7/2012,E245,1,Roots,6.22,766.95
2012,9/7/2012,E245,2,Roots,3.83,472.26
2012,9/7/2012,E245,3,Roots,4.67,575.83
2012,9/7/2012,E245,4,Roots,2.76,340.32
2012,9/7/2012,E245,5,Roots,5.07,625.15
2012,9/7/2012,E245,6,Roots,5.71,704.07
2012,9/7/2012,E245,7,Roots,2.44,300.86
2012,9/7/2012,E245,8,Roots,2.05,252.77
2012,9/7/2012,E245,9,Roots,3.07,378.55
2012,9/7/2012,E245,10,Roots,4.84,596.79
2012,9/7/2012,E245,11,Roots,2.06,254.01
2012,9/7/2012,E245,12,Roots,3.45,425.4
2012,9/7/2012,E245,13,Roots,3.15,388.41
2012,9/7/2012,E245,14,Roots,4.25,524.04
2012,9/7/2012,E245,15,Roots,5.33,657.21
2012,9/7/2012,E245,16,Roots,6.47,797.78
2012,9/7/2012,E245,17,Roots,2.68,330.46
2012,9/7/2012,E245,18,Roots,5.09,627.62
2012,9/7/2012,E245,19,Roots,3.54,436.5
2012,9/7/2012,E245,20,Roots,3.69,454.99
2012,9/7/2012,E245,21,Roots,4.01,494.45
2012,9/7/2012,E245,22,Roots,5.42,668.31
2012,9/7/2012,E245,23,Roots,6.96,858.2
2012,9/7/2012,E245,24,Roots,3.69,454.99
2012,9/7/2012,E245,25,Roots,5.35,659.68
2012,9/7/2012,E245,26,Roots,4.25,524.04
2012,9/7/2012,E245,27,Roots,2.94,362.52
2012,9/7/2012,E245,28,Roots,5.58,688.04
2012,9/7/2012,E245,29,Roots,3.99,491.99
2012,9/7/2012,E245,30,Roots,7.3,900.12
2012,9/7/2012,E245,31,Roots,3.05,376.08
2012,9/7/2012,E245,32,Roots,1.87,230.58
2012,9/7/2012,E245,33,Roots,5.73,706.54
2012,9/7/2012,E245,34,Roots,4.36,537.61
2012,9/7/2012,E245,35,Roots,4.28,527.74
2012,9/7/2012,E245,36,Roots,1.81,223.18
2012,9/7/2012,E245,37,Roots,3.61,445.13
2012,9/7/2012,E245,38,Roots,5.81,716.4
2012,9/7/2012,E245,39,Roots,5.38,663.38
2012,9/7/2012,E245,40,Roots,3.9,480.89
2012,9/7/2012,E245,41,Roots,8.22,1013.56
2012,9/7/2012,E245,42,Roots,4.72,582
2012,9/7/2012,E245,43,Roots,5.13,632.55
2012,9/7/2012,E245,44,Roots,5.65,696.67
2012,9/7/2012,E245,45,Roots,3.62,446.36
2012,9/7/2012,E245,46,Roots,7.07,871.76
2012,9/7/2012,E245,47,Roots,5.2,641.18
2012,9/7/2012,E245,48,Roots,3.94,485.82
2013,10/25/2013,E244,1,Roots,4.318,710.5
2013,10/29/2013,E244,2,Roots,3.129,514.858
2013,10/29/2013,E244,3,Roots,2.551,419.751
2013,10/25/2013,E244,4,Roots,2.399,394.741
2013,10/31/2013,E244,5,Roots,1.599,263.106
2013,10/31/2013,E244,6,Roots,6.46,1062.953
2013,11/4/2013,E244,7,Roots,7.593,1249.381
2013,10/29/2013,E244,8,Roots,5.327,876.525
2013,10/29/2013,E244,9,Roots,7.518,1237.041
2013,11/4/2013,E244,10,Roots,11.341,1866.092
2013,10/29/2013,E244,11,Roots,1.34,220.489
2013,10/29/2013,E244,12,Roots,2.185,359.528
2013,10/29/2013,E244,13,Roots,1.291,212.426
2013,11/4/2013,E244,14,Roots,2.115,348.01
2013,11/1/2013,E244,15,Roots,1.453,239.082
2013,10/29/2013,E244,16,Roots,10.056,1654.653
2013,10/29/2013,E244,17,Roots,8.228,1353.867
2013,10/29/2013,E244,18,Roots,4.384,721.36
2013,10/31/2013,E244,19,Roots,7.126,1172.54
2013,10/31/2013,E244,20,Roots,14.435,2375.191
2013,10/29/2013,E244,21,Roots,5.847,962.088
2013,10/29/2013,E244,22,Roots,7.652,1259.09
2013,10/29/2013,E244,23,Roots,7.607,1251.685
2013,10/29/2013,E244,24,Roots,8.768,1442.721
2013,10/29/2013,E244,25,Roots,11.474,1887.976
2013,11/1/2013,E244,26,Roots,4.893,805.113
2013,11/4/2013,E244,27,Roots,2.477,407.575
2013,11/1/2013,E244,28,Roots,4.671,768.584
2013,11/4/2013,E244,29,Roots,2.483,408.562
2013,11/4/2013,E244,30,Roots,5.425,892.65
2013,11/1/2013,E244,31,Roots,10.784,1774.441
2013,11/1/2013,E244,32,Roots,9.447,1554.446
2013,11/1/2013,E244,33,Roots,9.754,1604.961
2013,10/29/2013,E244,34,Roots,10.299,1694.637
2013,11/1/2013,E244,35,Roots,12.918,2125.577
2013,11/4/2013,E244,36,Roots,17.096,2813.042
2013,11/1/2013,E244,37,Roots,5.935,976.568
2013,11/4/2013,E244,38,Roots,8.59,1413.432
2013,11/1/2013,E244,39,Roots,12.419,2043.47
2013,11/4/2013,E244,40,Roots,11.088,1824.462
2013,11/4/2013,E244,41,Roots,7.644,1257.773
2013,11/4/2013,E244,42,Roots,6.986,1149.503
2013,11/4/2013,E244,43,Roots,6.945,1142.757
2013,10/29/2013,E244,44,Roots,4.98,819.428
2013,11/4/2013,E244,45,Roots,6.478,1065.915
2013,10/31/2013,E244,46,Roots,7.323,1204.955
2013,10/31/2013,E244,47,Roots,6.262,1030.374
2013,10/29/2013,E244,48,Roots,10.998,1809.653
2013,10/29/2013,E244,49,Roots,8.612,1417.052
2013,10/31/2013,E244,50,Roots,12.008,1975.843
2013,10/29/2013,E244,51,Roots,2.958,486.721
2013,10/29/2013,E244,52,Roots,9.115,1499.817
2013,10/31/2013,E244,53,Roots,5.411,890.347
2013,10/31/2013,E244,54,Roots,16.702,2748.211
2013,10/31/2013,E244,55,Roots,6.906,1136.34
2013,10/31/2013,E244,56,Roots,4.334,713.133
2013,10/29/2013,E244,57,Roots,3.185,524.072
2013,10/29/2013,E244,58,Roots,3.672,604.205
2013,10/31/2013,E244,59,Roots,3.048,501.53
2013,10/31/2013,E244,60,Roots,4.381,720.867
2013,10/31/2013,E244,61,Roots,2.803,461.216
2013,10/31/2013,E244,62,Roots,1.949,320.696
2013,10/31/2013,E244,63,Roots,1.511,248.626
2013,10/29/2013,E244,64,Roots,1.315,216.375
2013,10/31/2013,E244,65,Roots,3.089,508.276
2013,10/31/2013,E244,66,Roots,4.49,738.802
2013,10/31/2013,E244,67,Roots,11.773,1937.175
2013,10/29/2013,E244,68,Roots,5.114,841.477
2013,10/31/2013,E244,69,Roots,10.931,1798.629
2013,10/31/2013,E244,70,Roots,7.275,1197.057
2013,10/29/2013,E244,71,Roots,10.061,1655.476
2013,10/29/2013,E244,72,Roots,8.204,1349.918
2013,10/31/2013,E244,73,Roots,22.725,3739.259
2013,10/29/2013,E244,74,Roots,10.57,1739.229
2013,10/31/2013,E244,75,Roots,11.466,1886.66
2013,10/31/2013,E244,76,Roots,11.6,1908.709
2013,10/29/2013,E244,77,Roots,15.871,2611.475
2013,10/31/2013,E244,78,Roots,15.708,2584.655
2013,10/31/2013,E244,79,Roots,13.103,2156.018
2013,10/31/2013,E244,80,Roots,12.428,2044.951
2013,10/31/2013,E244,81,Roots,6.667,1097.014
2013,10/29/2013,E244,82,Roots,10.365,1705.497
2013,10/31/2013,E244,83,Roots,7.632,1255.799
2013,10/31/2013,E244,84,Roots,6.114,1006.021
2013,10/31/2013,E244,85,Roots,7.373,1213.182
2013,10/29/2013,E244,86,Roots,3.569,587.257
2013,11/1/2013,E244,87,Roots,2.381,391.779
2013,11/4/2013,E244,88,Roots,3.419,562.575
2013,10/29/2013,E244,89,Roots,2.186,359.693
2013,10/29/2013,E244,90,Roots,2.205,362.819
2013,11/5/2013,E244,91,Roots,9.538,1569.419
2013,11/1/2013,E244,92,Roots,5.035,828.478
2013,11/1/2013,E244,93,Roots,4.184,688.451
2013,11/1/2013,E244,94,Roots,4.267,702.109
2013,11/5/2013,E244,95,Roots,9.855,1621.58
2013,11/5/2013,E244,96,Roots,6.306,1037.614
2013,11/4/2013,E244,97,Roots,4.309,709.019
2013,11/1/2013,E244,98,Roots,3.189,524.73
2013,10/31/2013,E244,99,Roots,4.654,765.787
2013,11/5/2013,E244,100,Roots,3.831,630.368
2013,11/1/2013,E244,101,Roots,5.956,980.023
2013,11/4/2013,E244,102,Roots,7.293,1200.018
2013,10/29/2013,E244,103,Roots,8.911,1466.25
2013,10/31/2013,E244,104,Roots,4.122,678.25
2013,11/1/2013,E244,105,Roots,6.575,1081.876
2013,10/31/2013,E244,106,Roots,1.677,275.94
2013,10/31/2013,E244,107,Roots,1.146,188.567
2013,11/4/2013,E244,108,Roots,0.942,155
2013,10/31/2013,E244,109,Roots,2.467,405.93
2013,10/29/2013,E244,110,Roots,0.958,157.633
2013,11/1/2013,E244,111,Roots,9.765,1606.771
2013,11/1/2013,E244,112,Roots,6.253,1028.893
2013,11/5/2013,E244,113,Roots,9.62,1582.912
2013,10/31/2013,E244,114,Roots,4.83,794.747
2013,11/1/2013,E244,115,Roots,10.484,1725.078
2013,10/29/2013,E244,116,Roots,6.433,1058.511
2013,11/4/2013,E244,117,Roots,10.571,1739.393
2013,10/29/2013,E244,118,Roots,7.027,1156.25
2013,11/4/2013,E244,119,Roots,19.417,3194.948
2013,11/4/2013,E244,120,Roots,8.713,1433.671
2013,10/29/2013,E244,121,Roots,3.677,605.028
2013,11/4/2013,E244,122,Roots,4.907,807.417
2013,10/29/2013,E244,123,Roots,12.828,2110.769
2013,10/31/2013,E244,124,Roots,4.147,682.363
2013,11/4/2013,E244,125,Roots,6.216,1022.805
2013,11/1/2013,E244,126,Roots,10.166,1672.753
2013,11/4/2013,E244,127,Roots,16.488,2712.999
2013,11/1/2013,E244,128,Roots,10.275,1690.688
2013,11/4/2013,E244,129,Roots,6.013,989.402
2013,10/29/2013,E244,130,Roots,10.781,1773.947
2013,11/1/2013,E244,131,Roots,3.031,498.732
2013,11/1/2013,E244,132,Roots,1.566,257.676
2013,10/31/2013,E244,133,Roots,2.091,344.061
2013,11/1/2013,E244,134,Roots,2.309,379.932
2013,11/4/2013,E244,135,Roots,1.901,312.798
2013,11/5/2013,E244,136,Roots,16.117,2651.953
2013,11/1/2013,E244,137,Roots,16.239,2672.028
2013,10/31/2013,E244,138,Roots,16.165,2659.851
2013,10/29/2013,E244,139,Roots,9.571,1574.849
2013,10/29/2013,E244,140,Roots,15.416,2536.608
2013,11/1/2013,E244,141,Roots,7.277,1197.386
2013,11/1/2013,E244,142,Roots,3.198,526.211
2013,11/1/2013,E244,143,Roots,7.297,1200.676
2013,11/5/2013,E244,144,Roots,5.299,871.918
2013,11/4/2013,E244,145,Roots,4.209,692.565
2013,11/1/2013,E244,146,Roots,7.143,1175.337
2013,11/1/2013,E244,147,Roots,4.518,743.409
2013,11/1/2013,E244,148,Roots,2.577,424.03
2013,11/1/2013,E244,149,Roots,2.831,465.824
2013,11/5/2013,E244,150,Roots,2.783,457.926
2013,11/1/2013,E244,151,Roots,6.027,991.706
2013,10/31/2013,E244,152,Roots,11.3,1859.346
2013,11/4/2013,E244,153,Roots,4.943,813.34
2013,11/1/2013,E244,154,Roots,7.07,1163.325
2013,10/29/2013,E244,155,Roots,5.455,897.587
2013,11/1/2013,E244,156,Roots,11.108,1827.753
2013,11/1/2013,E244,157,Roots,4.15,682.857
2013,11/1/2013,E244,158,Roots,2.969,488.531
2013,11/1/2013,E244,159,Roots,5.531,910.092
2013,11/1/2013,E244,160,Roots,3.25,534.768
2013,11/1/2013,E244,161,Roots,15.834,2605.387
2013,11/5/2013,E244,162,Roots,5.599,921.281
2013,11/4/2013,E244,163,Roots,4.018,661.137
2013,10/31/2013,E244,164,Roots,3.082,507.124
2013,11/4/2013,E244,165,Roots,4.548,748.345
2013,11/4/2013,E244,166,Roots,16.632,2736.693
2013,10/31/2013,E244,167,Roots,5.565,915.687
2013,10/31/2013,E244,168,Roots,9.869,1623.883
2013,11/4/2013,E244,169,Roots,9.873,1624.541
2013,11/1/2013,E244,170,Roots,20.476,3369.2
2013,10/31/2013,E244,171,Roots,15.083,2481.815
2013,11/4/2013,E244,172,Roots,12.138,1997.233
2013,11/1/2013,E244,173,Roots,14.56,2395.759
2013,11/5/2013,E244,174,Roots,6.94,1141.934
2013,10/29/2013,E244,175,Roots,8.324,1369.663
2013,11/4/2013,E244,176,Roots,9.752,1604.632
2013,11/5/2013,E244,177,Roots,15.21,2502.712
2013,11/1/2013,E244,178,Roots,7.229,1189.488
2013,11/1/2013,E244,179,Roots,9.817,1615.327
2013,11/1/2013,E244,180,Roots,8.712,1433.506
2013,10/29/2013,E244,181,Roots,3.17,521.604
2013,11/4/2013,E244,182,Roots,2.489,409.55
2013,10/31/2013,E244,183,Roots,2.65,436.041
2013,10/29/2013,E244,184,Roots,1.116,183.631
2013,1/5/2013,E244,185,Roots,1.783,293.382
2013,11/1/2013,E244,186,Roots,12.814,2108.465
2013,11/1/2013,E244,187,Roots,8.402,1382.497
2013,11/1/2013,E244,188,Roots,10.808,1778.39
2013,11/5/2013,E244,189,Roots,5.762,948.102
2013,10/29/2013,E244,190,Roots,4.955,815.315
2013,10/31/2013,E244,191,Roots,8.509,1400.104
2013,11/1/2013,E244,192,Roots,9.605,1580.444
2013,11/1/2013,E244,193,Roots,12.862,2116.363
2013,11/1/2013,E244,194,Roots,26.107,4295.746
2013,11/1/2013,E244,195,Roots,10.4,1711.256
2013,11/4/2013,E244,196,Roots,0.589,96.916
2013,11/1/2013,E244,197,Roots,1.96,322.506
2013,10/29/2013,E244,198,Roots,0.771,126.863
2013,11/4/2013,E244,199,Roots,2.391,393.424
2013,10/29/2013,E244,200,Roots,2.041,335.834
2013,11/1/2013,E244,201,Roots,3.298,542.666
2013,11/1/2013,E244,202,Roots,1.932,317.899
2013,10/31/2013,E244,203,Roots,4.939,812.682
2013,10/31/2013,E244,204,Roots,1.614,265.574
2013,10/31/2013,E244,205,Roots,1.883,309.836
2013,10/24/2013,E245,1,Roots,7.774,1279.164
2013,10/24/2013,E245,2,Roots,8.846,1455.555
2013,10/24/2013,E245,3,Roots,7.687,1264.849
2013,10/24/2013,E245,4,Roots,5.581,918.319
2013,10/25/2013,E245,5,Roots,8.675,1427.418
2013,10/27/2013,E245,6,Roots,8.162,1343.007
2013,10/25/2013,E245,7,Roots,12.762,2099.909
2013,10/24/2013,E245,8,Roots,4,658.175
2013,10/24/2013,E245,9,Roots,7.586,1248.23
2013,10/25/2013,E245,10,Roots,8.247,1356.993
2013,10/24/2013,E245,11,Roots,5.676,933.951
2013,10/24/2013,E245,12,Roots,4.915,808.733
2013,10/24/2013,E245,13,Roots,12.046,1982.095
2013,10/25/2013,E245,14,Roots,9.598,1579.292
2013,10/25/2013,E245,15,Roots,6.687,1100.305
2013,10/25/2013,E245,16,Roots,8.776,1444.037
2013,10/24/2013,E245,17,Roots,7.373,1213.182
2013,10/25/2013,E245,18,Roots,5.48,901.7
2013,10/25/2013,E245,19,Roots,10.993,1808.831
2013,10/24/2013,E245,20,Roots,7.239,1191.133
2013,10/24/2013,E245,21,Roots,8.01,1317.996
2013,10/24/2013,E245,22,Roots,9.61,1581.266
2013,10/24/2013,E245,23,Roots,10.124,1665.842
2013,10/25/2013,E245,24,Roots,7.419,1220.751
2013,10/25/2013,E245,25,Roots,5.259,865.336
2013,10/24/2013,E245,26,Roots,8.669,1426.431
2013,10/25/2013,E245,27,Roots,8.164,1343.336
2013,10/24/2013,E245,28,Roots,7.366,1212.03
2013,10/25/2013,E245,29,Roots,7.72,1270.279
2013,10/25/2013,E245,30,Roots,7.799,1283.278
2013,10/25/2013,E245,31,Roots,4.94,812.847
2013,10/24/2013,E245,32,Roots,5.006,823.707
2013,10/24/2013,E245,33,Roots,5.214,857.932
2013,10/25/2013,E245,34,Roots,11.21,1844.537
2013,10/24/2013,E245,35,Roots,5.707,939.052
2013,10/24/2013,E245,36,Roots,7.29,1199.525
2013,10/25/2013,E245,37,Roots,7.929,1304.668
2013,10/25/2013,E245,38,Roots,8.41,1383.814
2013,10/24/2013,E245,39,Roots,10.392,1709.94
2013,10/24/2013,E245,40,Roots,6.645,1093.394
2013,10/24/2013,E245,41,Roots,9.591,1578.14
2013,10/24/2013,E245,42,Roots,9.365,1540.953
2013,10/24/2013,E245,43,Roots,8.435,1387.927
2013,10/25/2013,E245,44,Roots,9.015,1483.363
2013,10/24/2013,E245,45,Roots,7.339,1207.587
2013,10/25/2013,E245,46,Roots,8.299,1365.549
2013,10/24/2013,E245,47,Roots,8.889,1462.63
2013,10/24/2013,E245,48,Roots,9.139,1503.766
