spec-date,ER244.Plot,rep,Species,vial.dry.wt.g,sample.wt.g,residual.wt.g,sample.mass.mg,vial.and.liquid.g,extraction.vol.mL, abs.at.880,tube.conc.ug.per.L,ext.vol.L,vial.P.ug,sample.mass.ug,pct.P
11.17.11,21,1,andge,20.762,2.58,0.211,2.369,30.625,9.863,0.4708,693.0056562,0.009863,6.835114787,2369,0.288523208
11.17.11,21,2,andge,20.889,2.59,0.087,2.503,30.47,9.581,0.6115,902.9298471,0.009581,8.650970865,2503,0.345624086
11.17.11,21,3,andge,20.877,2.894,0.07,2.824,30.493,9.616,0.6119,903.5266465,0.009616,8.688312233,2824,0.307659782
11.17.11,22,1,andge,20.736,2.326,0.094,2.232,30.345,9.609,0.4436,652.4232966,0.009609,6.269135457,2232,0.280875244
11.17.11,22,2,andge,20.86,2.264,0.046,2.218,30.509,9.649,0.4192,616.0185328,0.009649,5.943962823,2218,0.267987503
11.17.11,22,3,andge,20.664,2.463,0.047,2.416,30.283,9.619,0.4646,683.7552654,0.009619,6.577041898,2416,0.272228555
11.17.11,23,1,andge,20.813,2.738,0.084,2.654,30.075,9.262,0.5734,846.0847037,0.009262,7.836436526,2654,0.295268897
11.17.11,23,2,andge,20.93,2.44,0.096,2.344,30.592,9.662,0.5291,779.9891695,0.009662,7.536255356,2344,0.321512601
11.17.11,23,3,andge,20.796,2.669,0.0001,2.6689,30.059,9.263,0.6291,929.1890209,0.009263,8.607077901,2668.9,0.322495331
11.17.11,24,1,andge,20.63,2.168,0.083,2.085,30.256,9.626,0.4521,665.105284,0.009626,6.402303463,2085,0.307064914
11.17.11,24,2,andge,20.826,2.872,0.109,2.763,30.665,9.839,0.5845,862.6458872,0.009839,8.487572884,2763,0.307186858
11.17.11,24,3,andge,20.929,2.274,0.016,2.258,30.797,9.868,0.482,709.7160395,0.009868,7.003477878,2258,0.310162882
11.17.11,25,1,andge,20.774,2.235,0.048,2.187,30.586,9.812,0.3723,546.0438025,0.009812,5.35778179,2187,0.244983164
11.17.11,25,2,andge,20.811,2.543,0.009,2.534,30.642,9.831,0.4675,688.0820611,0.009831,6.764534742,2534,0.266950858
11.17.11,25,3,andge,20.736,2.696,0.046,2.65,30.37,9.634,0.4915,723.8900254,0.009634,6.973956505,2650,0.26316817
11.17.11,41,1,andge,20.842,2.151,0.032,2.119,30.756,9.914,0.4037,592.8925559,0.009914,5.877936799,2119,0.277392015
11.17.11,41,2,andge,20.728,2.905,0.045,2.86,30.574,9.846,0.5301,781.4811681,0.009846,7.694463581,2860,0.269037188
11.17.11,41,3,andge,20.879,2.518,0.023,2.495,30.8,9.921,0.4614,678.9808701,0.009921,6.736169213,2495,0.269986742
11.17.11,42,1,andge,20.92,2.815,0.128,2.687,30.823,9.903,0.6055,893.977856,0.009903,8.853062708,2687,0.329477585
11.17.11,42,2,andge,20.858,2.912,0.044,2.868,30.761,9.903,0.651,961.8637884,0.009903,9.525337097,2868,0.332124724
11.17.11,42,3,andge,20.959,2.9,0.0007,2.8993,30.708,9.749,0.6937,1025.572125,0.009749,9.998302646,2899.3,0.344852297
11.17.11,43,1,andge,20.959,2.916,0.075,2.841,30.737,9.778,0.4438,652.7216963,0.009778,6.382312746,2841,0.22465022
11.17.11,43,2,andge,20.934,2.501,0.013,2.488,30.513,9.579,0.4008,588.5657602,0.009579,5.637871417,2488,0.226602549
11.17.11,43,3,andge,20.842,2.773,0.086,2.687,30.453,9.611,0.4344,638.6969103,0.009611,6.138516004,2687,0.228452401
11.17.11,44,1,andge,20.784,2.907,0.103,2.804,30.457,9.673,0.5409,797.594752,0.009673,7.715134036,2804,0.275147434
11.17.11,44,2,andge,20.93,2.514,0.158,2.356,30.725,9.795,0.4586,674.8032743,0.009795,6.609698072,2356,0.280547456
11.17.11,44,3,andge,20.892,2.771,0.063,2.708,30.64,9.748,0.5257,774.9163746,0.009748,7.55388482,2708,0.278947002
11.17.11,45,1,andge,20.847,2.634,0.093,2.541,30.697,9.85,0.4084,599.9049489,0.00985,5.909063747,2541,0.23254875
11.17.11,45,2,andge,20.991,2.633,0.029,2.604,30.84,9.849,0.4137,607.812541,0.009849,5.986345716,2604,0.229890388
11.17.11,45,3,andge,20.826,2.241,0.032,2.209,30.718,9.892,0.3538,518.44183,0.009892,5.128426583,2209,0.232160551
11.17.11,81,1,andge,20.91,2.449,0.084,2.365,30.694,9.784,0.4194,616.3169325,0.009784,6.030044868,2365,0.254970185
11.17.11,81,2,andge,20.882,2.76,0.033,2.727,30.697,9.815,0.4634,681.9648672,0.009815,6.693485171,2727,0.245452335
11.17.11,81,3,andge,20.759,2.331,0.018,2.313,30.605,9.846,0.4025,591.1021577,0.009846,5.819991844,2313,0.251620918
11.17.11,82,1,andge,20.911,2.481,0.037,2.444,30.736,9.825,0.4193,616.1677327,0.009825,6.053847974,2444,0.247702454
11.17.11,82,2,andge,20.899,2.453,0.036,2.417,30.82,9.921,0.4239,623.0309259,0.009921,6.181089815,2417,0.25573396
11.17.11,82,3,andge,20.847,2.635,0.055,2.58,30.733,9.886,0.4531,666.5972825,0.009886,6.589980734,2580,0.25542561
11.17.11,83,1,andge,20.797,2.604,0.032,2.572,30.678,9.881,0.5492,809.9783397,0.009881,8.003395974,2572,0.311174027
11.17.11,83,2,andge,20.907,2.787,0.065,2.722,30.769,9.862,0.5792,854.7382951,0.009862,8.429429066,2722,0.309677776
11.17.11,83,3,andge,20.935,2.791,0.06,2.731,30.642,9.707,0.5809,857.2746926,0.009707,8.321565441,2731,0.304707632
11.17.11,84,1,andge,20.917,2.951,0.027,2.924,30.74,9.823,0.5392,795.0583545,0.009823,7.809858217,2924,0.267095014
11.17.11,84,2,andge,20.909,2.224,0.088,2.136,30.802,9.893,0.4109,603.6349452,0.009893,5.971760513,2136,0.279576803
11.17.11,84,3,andge,20.77,2.715,0.095,2.62,30.633,9.863,0.52,766.4119831,0.009863,7.559121389,2620,0.288516084
11.17.11,85,1,andge,20.954,2.704,0,2.704,30.732,9.778,0.4378,643.7697052,0.009778,6.294780177,2704,0.232795125
11.17.11,85,2,andge,20.832,2.531,0.093,2.438,30.159,9.327,0.3892,571.2585774,0.009327,5.328128752,2438,0.218545068
11.17.11,85,3,andge,20.828,2.101,0.027,2.074,30.788,9.96,0.342,500.8362476,0.00996,4.988329026,2074,0.240517311
11.17.11,91,1,andge,20.629,2.429,0.057,2.372,30.573,9.944,0.3765,552.3101963,0.009944,5.492172592,2372,0.231541846
11.17.11,91,2,andge,20.681,2.513,0.043,2.47,30.686,10.005,0.3782,554.8465938,0.010005,5.551240171,2470,0.224746566
11.17.11,91,3,andge,20.772,2.404,0.123,2.281,30.68,9.908,0.3583,525.1558233,0.009908,5.203243898,2281,0.228112402
11.17.11,92,1,andge,20.729,2.342,0.063,2.279,30.644,9.915,0.2669,388.7871591,0.009915,3.854824683,2279,0.169145445
11.17.11,92,2,andge,20.743,2.942,0.061,2.881,30.621,9.878,0.3251,475.6214727,0.009878,4.698188907,2881,0.163074936
11.17.11,92,3,andge,20.794,2.658,0.093,2.565,30.699,9.905,0.2989,436.5311116,0.009905,4.32384066,2565,0.168570786
11.17.11,93,1,andge,20.875,2.797,0.097,2.7,30.747,9.872,0.2985,435.9343122,0.009872,4.30354353,2700,0.159390501
11.17.11,93,2,andge,20.763,2.647,0.026,2.621,30.649,9.886,0.2919,426.087122,0.009886,4.212297288,2621,0.160713365
11.17.11,93,3,andge,20.837,2.623,0.064,2.559,30.718,9.881,0.289,421.7603263,0.009881,4.167413784,2559,0.162853215
11.17.11,95,1,andge,20.894,2.852,0.047,2.805,30.761,9.867,0.2947,430.2647178,0.009867,4.245421971,2805,0.151351942
11.17.11,95,2,andge,20.902,2.703,0.11,2.593,30.748,9.846,0.2691,392.0695559,0.009846,3.860316847,2593,0.148874541
11.17.11,95,3,andge,20.975,2.821,0.038,2.783,30.857,9.882,0.2981,435.3375128,0.009882,4.302005301,2783,0.154581577
11.17.11,check 1,1,nist apple,20.766,2.781,0.008,2.773,30.255,9.489,0.3207,469.0566792,0.009489,4.450878829,2773,0.160507711
11.17.11,check 2,2,nist apple,20.839,2.453,0.013,2.44,30.749,9.91,0.2728,397.5899504,0.00991,3.940116408,2440,0.161480181
11.17.11,check 3,3,nist apple,20.736,2.222,0,2.222,30.604,9.868,0.2424,352.2331955,0.009868,3.475837174,2222,0.156428316
12.8.11,116,1,andge,20.858,2.892,0.032,2.86,30.519,9.661,0.4663,675.0433812,0.009661,6.521594105,2860,0.228027766
12.8.11,116,2,andge,20.765,2.887,0.089,2.798,30.477,9.712,0.4215,609.2149768,0.009712,5.916695854,2798,0.21146161
12.8.11,116,3,andge,20.791,2.688,0.075,2.613,30.463,9.672,0.4025,581.2966802,0.009672,5.622301491,2613,0.215166532
12.8.11,117,1,andge,20.863,2.774,0.037,2.737,30.538,9.675,0.4624,669.3127835,0.009675,6.47560118,2737,0.236594855
12.8.11,117,2,andge,21.003,2.517,0.093,2.424,30.693,9.69,0.423,611.4190528,0.00969,5.924650622,2424,0.24441628
12.8.11,117,3,andge,20.858,2.786,0.054,2.732,30.485,9.627,0.4508,652.2679288,0.009627,6.27938335,2732,0.229845657
12.8.11,118,1,andge,20.795,2.595,0.021,2.574,30.544,9.749,0.3756,541.7702499,0.009749,5.281718166,2574,0.205194956
12.8.11,118,2,andge,20.78,2.491,0.039,2.452,30.524,9.744,0.3606,519.7294895,0.009744,5.064244146,2452,0.206535242
12.8.11,118,3,andge,20.811,2.55,0.047,2.503,30.523,9.712,0.3661,527.8111017,0.009712,5.126101419,2503,0.204798299
12.8.11,119,1,andge,20.783,2.462,0.061,2.401,30.453,9.67,0.5027,728.5289598,0.00967,7.044875041,2401,0.293414204
12.8.11,119,2,andge,20.783,2.46,0.016,2.444,30.192,9.409,0.5396,782.7492303,0.009409,7.364887508,2444,0.301345643
12.8.11,119,3,andge,20.714,2.56,0.039,2.521,30.433,9.719,0.5376,779.8104623,0.009719,7.578977883,2521,0.300633791
12.8.11,120,1,andge,20.655,2.354,0,2.354,30.381,9.726,0.4254,614.9455745,0.009726,5.980960657,2354,0.254076494
12.8.11,120,2,andge,20.828,2.292,0.033,2.259,30.533,9.705,0.4408,637.5740885,0.009705,6.187656529,2259,0.273911312
12.8.11,120,3,andge,20.856,2.4,0.042,2.358,30.571,9.715,0.4472,646.9781463,0.009715,6.285392691,2358,0.266556094
12.8.11,136,1,andge,20.832,2.26,0.051,2.209,30.571,9.739,0.4124,595.8435821,0.009739,5.802920646,2209,0.262694461
12.8.11,136,2,andge,20.738,2.246,0.034,2.212,30.372,9.634,0.4075,588.6436004,0.009634,5.670992446,2212,0.25637398
12.8.11,136,3,andge,20.7111,2.363,0.074,2.289,30.457,9.7459,0.4063,586.8803395,0.0097459,5.719677101,2289,0.249876675
12.8.11,137,1,andge,20.809,2.227,0,2.227,30.319,9.51,0.3676,530.0151777,0.00951,5.04044434,2227,0.226333379
12.8.11,137,2,andge,20.785,2.439,0.002,2.437,30.514,9.729,0.4001,577.7701586,0.009729,5.621125873,2437,0.230657607
12.8.11,137,3,andge,20.816,2.28,0.086,2.194,30.57,9.754,0.3904,563.5171335,0.009754,5.49654612,2194,0.250526259
12.8.11,138,1,andge,20.752,2.374,0.058,2.316,30.11,9.358,0.4114,594.3741981,0.009358,5.562153746,2316,0.240162079
12.8.11,138,2,andge,20.848,2.139,0.041,2.098,30.58,9.732,0.3567,513.9988918,0.009732,5.002237215,2098,0.238428847
12.8.11,138,3,andge,20.701,2.248,0.008,2.24,30.425,9.724,0.3781,545.44371,0.009724,5.303894636,2240,0.236781011
12.8.11,139,1,andge,20.729,2.109,0.032,2.077,30.544,9.815,0.3233,464.9214653,0.009815,4.563204182,2077,0.219701694
12.8.11,139,2,andge,20.768,2.182,0.039,2.143,30.553,9.785,0.3478,500.921374,0.009785,4.901515644,2143,0.228722149
12.8.11,139,3,andge,20.84,2.289,0.008,2.281,30.634,9.794,0.3601,518.9947975,0.009794,5.083035047,2281,0.222842396
12.8.11,140,1,andge,20.845,2.345,0.08,2.265,30.64,9.795,0.3561,513.1172614,0.009795,5.025983575,2265,0.22189773
12.8.11,140,2,andge,20.76,2.305,0.069,2.236,30.365,9.605,0.367,529.1335473,0.009605,5.082327722,2236,0.227295515
12.8.11,140,3,andge,20.871,2.129,0.032,2.097,30.575,9.704,0.3384,487.1091641,0.009704,4.726907329,2097,0.225412844
12.8.11,176,1,andge,20.773,2.285,0.073,2.212,30.508,9.735,0.2919,418.7828069,0.009735,4.076850625,2212,0.184306086
12.8.11,176,2,andge,20.667,2.151,0.031,2.12,30.37,9.703,0.2861,410.2603795,0.009703,3.980756462,2120,0.187771531
12.8.11,176,3,andge,20.774,2.435,0,2.435,30.518,9.744,0.3723,536.9212826,0.009744,5.231760978,2435,0.214856714
12.8.11,177,1,andge,20.83,2.232,0.092,2.14,30.587,9.757,0.4015,579.8272962,0.009757,5.657374929,2140,0.264363314
12.8.11,177,2,andge,20.888,2.314,0.001,2.313,30.667,9.779,0.4076,588.7905388,0.009779,5.757782679,2313,0.248931374
12.8.11,177,3,andge,20.815,2.276,0,2.276,30.581,9.766,0.4114,594.3741981,0.009766,5.804658419,2276,0.255037716
12.8.11,178,1,andge,20.879,2.45,0.041,2.409,30.693,9.814,0.3855,556.3171518,0.009814,5.459696528,2409,0.226637465
12.8.11,178,2,andge,20.87,2.451,0,2.451,30.722,9.852,0.3807,549.2641085,0.009852,5.411349997,2451,0.220781314
12.8.11,178,3,andge,20.818,2.276,0.018,2.258,30.502,9.684,0.4373,632.4312444,0.009684,6.124464171,2258,0.27123402
12.8.11,179,1,andge,20.88,2.467,0.018,2.449,30.635,9.755,0.4108,593.4925677,0.009755,5.789519998,2449,0.23640343
12.8.11,179,2,andge,20.77,2.395,0.06,2.335,30.499,9.729,0.3862,557.3457206,0.009729,5.422416516,2335,0.232223405
12.8.11,179,3,andge,20.801,2.275,0.024,2.251,30.532,9.731,0.368,530.6029313,0.009731,5.163297125,2251,0.229377926
12.8.11,180,1,andge,20.989,2.451,0.044,2.407,30.73,9.741,0.367,529.1335473,0.009741,5.154289884,2407,0.214137511
12.8.11,180,2,andge,20.911,2.393,0.06,2.333,30.696,9.785,0.3462,498.5703595,0.009785,4.878510968,2333,0.209108914
12.8.11,180,3,andge,20.923,2.304,0.016,2.288,30.647,9.724,0.3745,540.1539275,0.009724,5.252456791,2288,0.229565419
12.8.11,1,1,lesc,20.835,2.453,0.059,2.394,30.61,9.775,0.3659,527.5172249,0.009775,5.156480873,2394,0.215391849
12.8.11,1,2,lesc,20.789,2.371,0.046,2.325,30.609,9.82,0.3577,515.4682758,0.00982,5.061898469,2325,0.217716063
12.8.11,1,3,lesc,21.03,2.299,0.005,2.294,30.885,9.855,0.3493,503.12545,0.009855,4.95830131,2294,0.216142167
12.8.11,2,1,lesc,20.784,2.485,0,2.485,30.63,9.846,0.4361,630.6679836,0.009846,6.209556966,2485,0.249881568
12.8.11,2,2,lesc,20.703,2.251,0.049,2.202,30.507,9.804,0.4098,592.0231836,0.009804,5.804195292,2202,0.263587434
12.8.11,2,3,lesc,20.838,2.392,0.001,2.391,30.584,9.746,0.4412,638.1618421,0.009746,6.219525313,2391,0.260122347
12.8.11,3,1,lesc,20.843,2.408,0.024,2.384,30.569,9.726,0.3164,454.7827155,0.009726,4.423216691,2384,0.185537613
12.8.11,3,2,lesc,20.827,2.401,0.004,2.397,30.522,9.695,0.3278,471.5336934,0.009695,4.571519158,2397,0.190718363
12.8.11,3,3,lesc,20.784,2.161,0.028,2.133,30.528,9.744,0.2918,418.6358685,0.009744,4.079187902,2133,0.191241814
12.8.11,4,1,lesc,20.848,2.337,0.047,2.29,30.621,9.773,0.3236,465.3622805,0.009773,4.547985567,2290,0.19860199
12.8.11,4,2,lesc,20.687,2.463,0.011,2.452,30.46,9.773,0.3318,477.4112295,0.009773,4.665739946,2452,0.190283032
12.8.11,4,3,lesc,20.639,2.462,0.012,2.45,30.429,9.79,0.3386,487.4030409,0.00979,4.771675771,2450,0.194762276
12.8.11,check,1,nist apple,20.899,2.265,0.008,2.257,30.682,9.783,0.2541,363.2400906,0.009783,3.553577807,2257,0.157446956
12.8.11,check,2,nist apple,20.876,2.598,0.015,2.583,30.654,9.778,0.2878,412.7583323,0.009778,4.035950974,2583,0.156250522
12.8.11,check,3,nist apple,20.833,2.592,0.03,2.562,30.608,9.775,0.2835,406.439981,0.009775,3.972950815,2562,0.155072241
12.28.11,5,1,lesc,20.738,2.529,0.002,2.527,30.651,9.913,0.2504,357.8033697,0.009913,3.546904804,2527,0.140360301
12.28.11,5,2,lesc,20.876,2.309,0.045,2.264,30.819,9.943,0.2358,336.3503629,0.009943,3.344331659,2264,0.147717829
12.28.11,5,3,lesc,20.837,2.485,0.009,2.476,30.745,9.908,0.2677,383.2237134,0.009908,3.796980552,2476,0.153351395
12.28.11,21,1,lesc,20.817,2.356,0.022,2.334,30.712,9.895,0.2234,318.130001,0.009895,3.14789636,2334,0.134871309
12.28.11,21,2,lesc,20.749,2.396,0.029,2.367,30.683,9.934,0.2339,333.5585333,0.009934,3.31357047,2367,0.139990303
12.28.11,21,3,lesc,20.8,2.332,0.028,2.304,30.758,9.958,0.2359,336.4973013,0.009958,3.350840127,2304,0.145435769
12.28.11,22,1,lesc,20.793,2.437,0.074,2.363,30.562,9.769,0.2345,334.4401637,0.009769,3.267145959,2363,0.138262631
12.28.11,22,2,lesc,20.661,2.263,0,2.263,30.492,9.831,0.2306,328.709566,0.009831,3.231543743,2263,0.142799105
12.28.11,22,3,lesc,20.829,2.175,0,2.175,30.669,9.84,0.2386,340.4646382,0.00984,3.35017204,2175,0.154030898
12.28.11,23,1,lesc,20.788,2.225,0,2.225,30.747,9.959,0.2272,323.7136603,0.009959,3.223864343,2225,0.144892779
12.28.11,23,2,lesc,20.909,2.294,0.009,2.285,30.839,9.93,0.2373,338.554439,0.00993,3.361845579,2285,0.147126721
12.28.11,23,3,lesc,20.95,2.302,0.054,2.248,30.868,9.918,0.2444,348.9870656,0.009918,3.461253716,2248,0.153970361
12.28.11,24,1,lesc,20.768,2.186,0,2.186,30.665,9.897,0.2343,334.1462869,0.009897,3.307045801,2186,0.151282974
12.28.11,24,2,lesc,20.895,2.355,0.048,2.307,30.778,9.883,0.255,364.5625363,0.009883,3.602971546,2307,0.15617562
12.28.11,24,3,lesc,20.825,2.319,0.047,2.272,30.792,9.967,0.2501,357.3625545,0.009967,3.561832581,2272,0.1567708
12.28.11,25,1,lesc,20.66,2.5,0.005,2.495,30.516,9.856,0.2301,327.974874,0.009856,3.232520358,2495,0.129559934
12.28.11,25,2,lesc,20.805,2.353,0.006,2.347,30.725,9.92,0.2279,324.7422291,0.00992,3.221442913,2347,0.1372579
12.28.11,25,3,lesc,20.891,2.34,0.043,2.297,30.838,9.947,0.2216,315.4851098,0.009947,3.138130387,2297,0.13661865
12.28.11,46,1,lesc,20.82,2.244,0.045,2.199,30.767,9.947,0.2308,329.0034428,0.009947,3.272597246,2199,0.148822067
12.28.11,46,2,lesc,20.952,2.175,0.021,2.154,30.883,9.931,0.2172,309.01982,0.009931,3.068875833,2154,0.142473344
12.28.11,46,3,lesc,20.829,2.198,0.016,2.182,30.728,9.899,0.2313,329.7381348,0.009899,3.264077797,2182,0.1495911
12.28.11,47,1,lesc,20.77,2.168,0.009,2.159,30.612,9.842,0.2698,386.3094199,0.009842,3.80205731,2159,0.176102701
12.28.11,47,2,lesc,20.696,2.167,0.066,2.101,30.555,9.859,0.2619,374.701286,0.009859,3.694179979,2101,0.175829604
12.28.11,47,3,lesc,20.748,2.205,0.027,2.178,30.673,9.925,0.2733,391.452264,0.009925,3.88516372,2178,0.178382173
12.28.11,48,1,lesc,20.901,2.325,0.046,2.279,30.786,9.885,0.2434,347.5176815,0.009885,3.435212282,2279,0.150733316
12.28.11,48,2,lesc,20.85,2.079,0.029,2.05,30.795,9.945,0.2179,310.0483889,0.009945,3.083431227,2050,0.150411279
12.28.11,48,3,lesc,20.939,2.366,0.086,2.28,30.912,9.973,0.2421,345.6074823,0.009973,3.446743421,2280,0.151172957
12.28.11,49,1,lesc,20.894,2.392,0.07,2.322,30.872,9.978,0.2422,345.7544207,0.009978,3.44993761,2322,0.148576124
12.28.11,49,2,lesc,20.894,2.297,0.014,2.283,30.794,9.9,0.2529,361.4768298,0.0099,3.578620615,2283,0.156750793
12.28.11,49,3,lesc,20.687,2.171,0.017,2.154,30.641,9.954,0.2407,343.5503447,0.009954,3.419700131,2154,0.158760452
12.28.11,50,1,lesc,20.768,2.32,0.026,2.294,30.681,9.913,0.2486,355.1584785,0.009913,3.520685997,2294,0.15347367
12.28.11,50,2,lesc,20.826,2.197,0.002,2.195,30.699,9.873,0.2425,346.1952359,0.009873,3.417985564,2195,0.155716882
12.28.11,50,3,lesc,20.895,2.179,0.044,2.135,30.74,9.845,0.2474,353.3952177,0.009845,3.479175918,2135,0.162959059
12.28.11,71,1,lesc,20.692,2.3,0.001,2.299,30.565,9.873,0.2528,361.3298914,0.009873,3.567410018,2299,0.15517225
12.28.11,71,2,lesc,20.77,2.366,0.021,2.345,30.694,9.924,0.2694,385.7216663,0.009924,3.827901816,2345,0.163236751
12.28.11,71,3,lesc,20.8,2.177,0.016,2.161,30.704,9.904,0.2487,355.3054169,0.009904,3.518944849,2161,0.162838725
12.28.11,72,1,lesc,20.848,2.214,0.002,2.212,30.034,9.186,0.2321,330.913642,0.009186,3.039772716,2212,0.137421913
12.28.11,72,2,lesc,20.86,2.181,0,2.181,30.778,9.918,0.2041,289.7708893,0.009918,2.87394768,2181,0.131772017
12.28.11,72,3,lesc,20.869,2.269,0,2.269,30.814,9.945,0.2205,313.8687873,0.009945,3.12142509,2269,0.137568316
12.28.11,74,1,lesc,20.899,2.411,0.042,2.369,30.773,9.874,0.2676,383.076775,0.009874,3.782500076,2369,0.159666529
12.28.11,74,2,lesc,20.796,2.434,0,2.434,29.761,8.965,0.2963,425.2480966,0.008965,3.812349186,2434,0.156628972
12.28.11,74,3,lesc,20.898,2.464,0.006,2.458,30.812,9.914,0.2754,394.5379704,0.009914,3.911449439,2458,0.159131385
12.28.11,75,1,lesc,20.91,2.191,0,2.191,30.825,9.915,0.2056,291.9749653,0.009915,2.894931781,2191,0.132128333
12.28.11,75,2,lesc,20.708,2.267,0,2.267,30.573,9.865,0.2349,335.0279173,0.009865,3.305050404,2267,0.145789608
12.28.11,75,3,lesc,20.682,2.41,0.07,2.34,30.596,9.914,0.254,363.0931522,0.009914,3.599705511,2340,0.153833569
12.28.11,81,1,lesc,20.822,2.325,0.038,2.287,30.102,9.28,0.3016,433.0358319,0.00928,4.01857252,2287,0.175713709
12.28.11,81,2,lesc,20.76,2.144,0,2.144,30.645,9.885,0.262,374.8482245,0.009885,3.705374699,2144,0.172825312
12.28.11,81,3,lesc,20.836,2.357,0.013,2.344,30.769,9.933,0.2866,410.9950715,0.009933,4.082414045,2344,0.174164422
12.28.11,82,1,lesc,20.817,2.394,0.073,2.321,30.692,9.875,0.2725,390.2767567,0.009875,3.853982973,2321,0.166048383
12.28.11,82,2,lesc,20.942,2.307,0.021,2.286,30.807,9.865,0.2667,381.7543294,0.009865,3.766006459,2286,0.16474219
12.28.11,82,3,lesc,20.881,2.31,0.013,2.297,31.005,10.124,0.2676,383.076775,0.010124,3.87826927,2297,0.16884063
12.28.11,83,1,lesc,20.641,2.464,0.016,2.448,30.604,9.963,0.2656,380.1380069,0.009963,3.787314963,2448,0.154710579
12.28.11,83,2,lesc,20.88,2.432,0.015,2.417,30.838,9.958,0.2729,390.8645103,0.009958,3.892228794,2417,0.161035531
12.28.11,83,3,lesc,20.667,2.48,0.015,2.465,30.568,9.901,0.2714,388.6604343,0.009901,3.84812696,2465,0.156110627
12.28.11,73,1,lesc,21.021,2.21,0.026,2.184,30.938,9.917,0.2027,287.7137516,0.009917,2.853257275,2184,0.130643648
12.28.11,73,2,lesc,20.892,2.334,0.044,2.29,30.781,9.889,0.2229,317.395309,0.009889,3.138722211,2290,0.137062105
12.28.11,73,3,lesc,20.705,2.335,0.037,2.298,30.555,9.85,0.2255,321.2157075,0.00985,3.163974719,2298,0.137683843
12.28.11,84,1,lesc,20.833,2.354,0.057,2.297,30.671,9.838,0.3228,464.1867733,0.009838,4.566669476,2297,0.198810164
12.28.11,84,2,lesc,20.979,2.315,0.028,2.287,30.772,9.793,0.3219,462.8643277,0.009793,4.532830361,2287,0.198199841
12.28.11,84,3,lesc,20.675,2.396,0,2.396,30.448,9.773,0.3456,497.6887291,0.009773,4.86391195,2396,0.203001333
1.11.12,85,1,lesc,20.8,2.063,0.009,2.054,30.65,9.85,0.267,382.1951446,0.00985,3.764622174,2054,0.183282482
1.11.12,85,2,lesc,20.787,2.167,0.013,2.154,30.653,9.866,0.279,399.8277529,0.009866,3.94470061,2154,0.183133733
1.11.12,85,3,lesc,20.797,2.37,0.074,2.296,30.606,9.809,0.2937,421.4276981,0.009809,4.133784291,2296,0.18004287
1.11.12,116,1,lesc,20.725,2.112,0.022,2.09,30.556,9.831,0.2449,349.7217576,0.009831,3.438114599,2090,0.164503091
1.11.12,116,2,lesc,20.862,2.169,0.084,2.085,30.674,9.812,0.2391,341.1993302,0.009812,3.347847828,2085,0.160568241
1.11.12,116,3,lesc,20.807,2.487,0.015,2.472,30.627,9.82,0.2958,424.5134046,0.00982,4.168721633,2472,0.168637607
1.11.12,117,1,lesc,20.66,2.274,0.015,2.259,30.538,9.878,0.2945,422.6032053,0.009878,4.174474462,2259,0.184793026
1.11.12,117,2,lesc,20.743,2.282,0.018,2.264,30.601,9.858,0.2887,414.080778,0.009858,4.082008309,2264,0.18030072
1.11.12,117,3,lesc,20.786,2.067,0.038,2.029,30.655,9.869,0.2688,384.8400358,0.009869,3.797986314,2029,0.187185131
1.11.12,118,1,lesc,20.777,2.454,0.02,2.434,30.692,9.915,0.2679,383.5175902,0.009915,3.802576907,2434,0.156227482
1.11.12,118,2,lesc,20.851,2.506,0.052,2.454,30.676,9.825,0.2758,395.125724,0.009825,3.882110239,2454,0.158195201
1.11.12,118,3,lesc,20.961,2.414,0.012,2.402,30.773,9.812,0.2689,384.9869742,0.009812,3.777492191,2402,0.157264454
1.11.12,119,1,lesc,20.867,2.416,0.025,2.391,30.679,9.812,0.2648,378.9624997,0.009812,3.718380047,2391,0.155515686
1.11.12,119,2,lesc,20.729,2.127,0.028,2.099,30.481,9.752,0.259,370.4400724,0.009752,3.612531586,2099,0.172107269
1.11.12,119,3,lesc,20.768,2.383,0.017,2.366,30.547,9.779,0.2935,421.1338213,0.009779,4.118267639,2366,0.17406034
1.11.12,120,1,lesc,20.897,2.508,0.006,2.502,30.683,9.786,0.2778,398.0644921,0.009786,3.895459119,2502,0.15569381
1.11.12,120,2,lesc,20.881,2.16,0.062,2.098,30.625,9.744,0.2307,328.8565044,0.009744,3.204377779,2098,0.15273488
1.11.12,120,3,lesc,20.809,2.44,0,2.44,30.634,9.825,0.278,398.3583689,0.009825,3.913870974,2440,0.160404548
1.11.12,136,1,lesc,20.865,2.08,0.023,2.057,30.674,9.809,0.272,389.5420647,0.009809,3.821018113,2057,0.185756836
1.11.12,136,2,lesc,20.866,2.448,0.025,2.423,30.694,9.828,0.3167,455.2235307,0.009828,4.47393686,2423,0.184644526
1.11.12,136,3,lesc,20.902,2.179,0.017,2.162,30.745,9.843,0.2795,400.5624449,0.009843,3.942736145,2162,0.182365224
1.11.12,137,1,lesc,20.75,2.464,0.022,2.442,30.507,9.757,0.3441,495.4846531,0.009757,4.83444376,2442,0.19797067
1.11.12,137,2,lesc,20.756,2.33,0.033,2.297,30.505,9.749,0.3092,444.2031505,0.009749,4.330536514,2297,0.188530105
1.11.12,137,3,lesc,20.676,2.503,0.021,2.482,30.394,9.718,0.3518,506.7989101,0.009718,4.925071808,2482,0.19843158
1.11.12,138,1,lesc,20.862,2.588,0.008,2.58,30.564,9.702,0.3419,492.2520082,0.009702,4.775828984,2580,0.185109651
1.11.12,138,2,lesc,20.891,2.289,0.025,2.264,30.647,9.756,0.2961,424.9542198,0.009756,4.145853368,2264,0.183120732
1.11.12,138,3,lesc,20.834,2.259,0.011,2.248,30.559,9.725,0.2893,414.9624084,0.009725,4.035509422,2248,0.179515544
1.11.12,139,1,lesc,20.822,2.344,0.043,2.301,30.612,9.79,0.3523,507.5336021,0.00979,4.968753964,2301,0.215938895
1.11.12,139,2,lesc,20.919,2.075,0,2.075,30.691,9.772,0.3241,466.0969725,0.009772,4.554699616,2075,0.219503596
1.11.12,139,3,lesc,20.749,2.371,0.011,2.36,30.565,9.816,0.3628,522.9621344,0.009816,5.133396311,2360,0.217516793
1.11.12,140,1,lesc,20.831,2.381,0.024,2.357,30.657,9.826,0.2884,413.6399628,0.009826,4.064426274,2357,0.172440657
1.11.12,140,2,lesc,20.872,2.235,0.014,2.221,30.619,9.747,0.2747,393.5094016,0.009747,3.835536137,2221,0.172694108
1.11.12,140,3,lesc,20.744,2.526,0.021,2.505,30.447,9.703,0.3095,444.6439657,0.009703,4.3143804,2505,0.172230754
1.11.12,151,1,lesc,20.776,2.524,0.018,2.506,30.525,9.749,0.2962,425.1011582,0.009749,4.144311191,2506,0.165375546
1.11.12,151,2,lesc,20.773,2.347,0.007,2.34,30.597,9.824,0.2878,412.7583323,0.009824,4.054937857,2340,0.173287943
1.11.12,151,3,lesc,20.744,2.451,0.028,2.423,30.584,9.84,0.2891,414.6685316,0.00984,4.080338351,2423,0.168400262
1.11.12,152,1,lesc,20.76,2.269,0.081,2.188,30.553,9.793,0.2584,369.558442,0.009793,3.619085822,2188,0.165406116
1.11.12,152,2,lesc,20.774,2.187,0.036,2.151,30.59,9.816,0.2472,353.1013409,0.009816,3.466042762,2151,0.161136344
1.11.12,152,3,lesc,20.87,2.349,0,2.349,30.694,9.824,0.2692,385.4277894,0.009824,3.786442604,2349,0.16119381
1.11.12,153,1,lesc,20.877,2.518,0.009,2.509,30.742,9.865,0.2696,386.0155431,0.009865,3.808043332,2509,0.151775342
1.11.12,153,2,lesc,20.783,2.193,0.019,2.174,30.636,9.853,0.2379,339.4360694,0.009853,3.344463592,2174,0.153839172
1.11.12,153,3,lesc,20.731,2.512,0.006,2.506,30.526,9.795,0.2781,398.5053073,0.009795,3.903359485,2506,0.155760554
1.11.12,154,1,lesc,21.019,2.276,0.007,2.269,30.877,9.858,0.2708,387.7788039,0.009858,3.822723449,2269,0.168476133
1.11.12,154,2,lesc,20.93,2.141,0.02,2.121,30.814,9.884,0.248,354.2768481,0.009884,3.501672366,2121,0.16509535
1.11.12,154,3,lesc,20.693,2.199,0.035,2.164,30.543,9.85,0.2635,377.0523005,0.00985,3.71396516,2164,0.171625007
1.11.12,155,1,lesc,20.898,2.469,0.03,2.439,30.737,9.839,0.3176,456.5459764,0.009839,4.491955861,2439,0.184172032
1.11.12,155,2,lesc,20.786,2.268,0.009,2.259,30.63,9.844,0.2882,413.346086,0.009844,4.06897887,2259,0.180123013
1.11.12,155,3,lesc,20.925,2.446,0,2.446,30.818,9.893,0.3114,447.4357954,0.009893,4.426482324,2446,0.180968206
1.11.12,176,1,lesc,20.846,2.517,0.071,2.446,30.702,9.856,0.2336,333.1177181,0.009856,3.283208229,2446,0.134227646
1.11.12,176,2,lesc,20.763,2.389,0.037,2.352,30.576,9.813,0.2209,314.4565409,0.009813,3.085762036,2352,0.131197365
1.11.12,176,3,lesc,20.894,2.217,0.056,2.161,30.735,9.841,0.2067,293.5912878,0.009841,2.889231863,2161,0.133698837
1.11.12,177,1,lesc,20.805,2.411,0.074,2.337,30.41,9.605,0.2076,294.9137334,0.009605,2.832646409,2337,0.121208661
1.11.12,177,2,lesc,20.756,2.219,0.043,2.176,30.556,9.8,0.1974,279.9260163,0.0098,2.74327496,2176,0.126069621
1.11.12,177,3,lesc,20.766,2.311,0.048,2.263,30.528,9.762,0.2131,302.9953455,0.009762,2.957840563,2263,0.1307044
1.11.12,chk75,1,lesc,20.805,2.109,0.041,2.068,30.615,9.81,0.2212,314.8973561,0.00981,3.089143064,2068,0.149378291
1.11.12,chk75,2,lesc,20.931,2.366,0.02,2.346,30.711,9.78,0.2504,357.8033697,0.00978,3.499316956,2346,0.149160996
1.11.12,chk75,3,lesc,20.798,2.248,0.035,2.213,30.63,9.832,0.2457,350.8972648,0.009832,3.450021908,2213,0.155897962
1.11.12,app chk,1,nist apple,20.847,2.105,0.005,2.1,30.373,9.526,0.2447,349.4278808,0.009526,3.328649992,2100,0.158507142
1.11.12,app chk,2,nist apple,20.898,2.458,0.031,2.427,30.694,9.796,0.2715,388.8073727,0.009796,3.808757023,2427,0.156932716
1.11.12,app chk,3,nist apple,20.8,2.33,0,2.33,30.673,9.873,0.2698,386.3094199,0.009873,3.814032902,2330,0.163692399
2.2.12,178,1,lesc,20.897,2.321,0.053,2.268,30.704,9.807,0.2648,378.9624997,0.009807,3.716485235,2268,0.163866192
2.2.12,178,2,lesc,20.857,2.346,0.072,2.274,30.593,9.736,0.2643,378.2278077,0.009736,3.682425936,2274,0.161936057
2.2.12,178,3,lesc,20.874,2.172,0.002,2.17,30.634,9.76,0.2495,356.4809241,0.00976,3.479253819,2170,0.160334277
2.2.12,179,1,lesc,20.803,2.334,0.011,2.323,30.608,9.805,0.2814,403.3542746,0.009805,3.954888662,2323,0.170249189
2.2.12,179,2,lesc,20.794,2.137,0.033,2.104,30.576,9.782,0.2412,344.2850367,0.009782,3.367796229,2104,0.160066361
2.2.12,179,3,lesc,20.686,2.286,0.042,2.244,30.463,9.777,0.2478,353.9829713,0.009777,3.46089151,2244,0.154228677
2.2.12,180,1,lesc,20.849,2.379,0,2.379,30.528,9.679,0.24,342.5217759,0.009679,3.315268269,2379,0.139355539
2.2.12,180,2,lesc,20.654,2.485,0.03,2.455,30.389,9.735,0.2429,346.7829895,0.009735,3.375932403,2455,0.137512522
2.2.12,180,3,lesc,20.813,2.119,0.008,2.111,30.6,9.787,0.2106,299.3218855,0.009787,2.929463293,2111,0.138771354
2.2.12,21,1,schs,20.958,2.428,0.065,2.363,30.691,9.733,0.3544,510.6193085,0.009733,4.96985773,2363,0.210319836
2.2.12,21,2,schs,20.902,2.061,0.034,2.027,30.639,9.737,0.3065,440.2358137,0.009737,4.286576118,2027,0.211473908
2.2.12,21,3,schs,20.87,2.296,0.027,2.269,30.579,9.709,0.3417,491.9581314,0.009709,4.776421498,2269,0.210507779
2.2.12,22,1,schs,20.857,2.086,0.009,2.077,30.586,9.729,0.2504,357.8033697,0.009729,3.481068984,2077,0.167600818
2.2.12,22,2,schs,20.774,2.242,0.05,2.192,30.469,9.695,0.2573,367.9421195,0.009695,3.567198849,2192,0.162737174
2.2.12,22,3,schs,20.913,2.439,0.062,2.377,30.648,9.735,0.2749,393.8032784,0.009735,3.833674915,2377,0.161282075
2.2.12,23,1,schs,20.914,2.38,0.08,2.3,30.636,9.722,0.2859,409.9665027,0.009722,3.985694339,2300,0.173291058
2.2.12,23,2,schs,20.997,2.141,0.092,2.049,30.737,9.74,0.2446,349.2809424,0.00974,3.401996379,2049,0.166032034
2.2.12,23,3,schs,20.831,2.308,0.028,2.28,30.536,9.705,0.2575,368.2359963,0.009705,3.573730344,2280,0.156742559
2.2.12,24,1,schs,20.808,2.444,0.032,2.412,30.51,9.702,0.3107,446.4072266,0.009702,4.331042912,2412,0.17956231
2.2.12,24,2,schs,20.848,2.487,0.04,2.447,30.559,9.711,0.4687,678.5699028,0.009711,6.589592326,2447,0.269292698
2.2.12,24,3,schs,20.909,2.276,0.042,2.234,30.628,9.719,0.3476,500.6274972,0.009719,4.865598645,2234,0.217797612
2.2.12,25,1,schs,20.789,2.121,0.061,2.06,30.507,9.718,0.1985,281.5423387,0.009718,2.736028448,2060,0.132816915
2.2.12,25,2,schs,20.829,2.382,0.043,2.339,30.551,9.722,0.2281,325.0361059,0.009722,3.160001022,2339,0.135100514
2.2.12,25,3,schs,20.972,2.42,0.017,2.403,30.51,9.538,0.2385,340.3176998,0.009538,3.245950221,2403,0.135079077
2.2.12,81,1,schs,20.735,2.273,0.037,2.236,30.491,9.756,0.2821,404.3828434,0.009756,3.94515902,2236,0.176438239
2.2.12,81,2,schs,20.922,2.339,0.034,2.305,30.67,9.748,0.2962,425.1011582,0.009748,4.14388609,2305,0.179778138
2.2.12,81,3,schs,20.804,2.218,0.029,2.189,30.618,9.814,0.2687,384.6930974,0.009814,3.775378058,2189,0.172470446
2.2.12,82,1,schs,20.841,2.369,0,2.369,30.623,9.782,0.3442,495.6315915,0.009782,4.848268228,2369,0.204654632
2.2.12,82,2,schs,20.755,2.253,0.039,2.214,30.45,9.695,0.3297,474.3255231,0.009695,4.598585946,2214,0.207704876
2.2.12,82,3,schs,20.802,2.234,0.041,2.193,30.565,9.763,0.3228,464.1867733,0.009763,4.531855468,2193,0.206650956
2.2.12,83,1,schs,20.994,2.438,0.022,2.416,30.659,9.665,0.2779,398.2114305,0.009665,3.848713476,2416,0.159301054
2.2.12,83,2,schs,20.954,2.426,0.028,2.398,30.809,9.855,0.2876,412.4644555,0.009855,4.064837209,2398,0.169509475
2.2.12,83,3,schs,20.766,2.426,0.037,2.389,30.586,9.82,0.2752,394.2440936,0.00982,3.871476999,2389,0.16205429
2.2.12,84,1,schs,20.84,2.409,0.083,2.326,30.6,9.76,0.3523,507.5336021,0.00976,4.953527956,2326,0.212963369
2.2.12,84,2,schs,20.848,2.358,0.107,2.251,30.607,9.759,0.3485,501.9499428,0.009759,4.898529492,2251,0.217615704
2.2.12,84,3,schs,20.654,2.391,0.031,2.36,30.349,9.695,0.3436,494.7499611,0.009695,4.796600872,2360,0.2032458
2.2.12,85,1,schs,20.771,2.413,0.035,2.378,30.488,9.717,0.3059,439.3541832,0.009717,4.269204599,2378,0.179529209
2.2.12,85,2,schs,20.818,2.415,0.093,2.322,30.568,9.75,0.2803,401.7379521,0.00975,3.916945033,2322,0.168688417
2.2.12,85,3,schs,20.831,2.398,0.021,2.377,30.539,9.708,0.3005,431.4195095,0.009708,4.188220598,2377,0.176197753
2.2.12,91,1,schs,20.742,2.318,0.055,2.263,30.417,9.675,0.2633,376.7584237,0.009675,3.645137749,2263,0.161075464
2.2.12,91,2,schs,20.836,2.439,0.023,2.416,30.347,9.511,0.3017,433.1827703,0.009511,4.120001329,2416,0.170529856
2.2.12,91,3,schs,20.642,2.233,0.046,2.187,30.292,9.65,0.2584,369.558442,0.00965,3.566238965,2187,0.163065339
2.2.12,92,1,schs,20.401,2.071,0.055,2.016,30.071,9.67,0.2584,369.558442,0.00967,3.573630134,2016,0.177263399
2.2.12,92,2,schs,20.305,2.055,0.044,2.011,30.039,9.734,0.2484,354.8646017,0.009734,3.454252033,2011,0.171767878
2.2.12,92,3,schs,20.774,2.4,0.011,2.389,30.511,9.737,0.3024,434.2113391,0.009737,4.227915809,2389,0.176974291
2.2.12,93,1,schs,20.899,2.286,0.036,2.25,30.573,9.674,0.2394,341.6401454,0.009674,3.305026767,2250,0.146890079
2.2.12,93,2,schs,20.901,2.117,0.044,2.073,30.607,9.706,0.2111,300.0565775,0.009706,2.912349141,2073,0.140489587
2.2.12,93,3,schs,20.83,2.317,0.026,2.291,30.529,9.699,0.2474,353.3952177,0.009699,3.427580216,2291,0.14961066
2.2.12,94,1,schs,20.902,2.25,0.007,2.243,30.59,9.688,0.2921,419.0766837,0.009688,4.060014911,2243,0.181008244
2.2.12,94,2,schs,20.832,2.299,0,2.299,30.557,9.725,0.2956,424.2195278,0.009725,4.125534907,2299,0.179449104
2.2.12,94,3,schs,20.946,2.415,0.058,2.357,30.43,9.484,0.3125,449.0521178,0.009484,4.258810285,2357,0.180687751
2.2.12,116,1,schs,20.762,2.378,0.074,2.304,30.483,9.721,0.2969,426.129727,0.009721,4.142407076,2304,0.179791974
2.2.12,116,2,schs,20.784,2.168,0.032,2.136,30.502,9.718,0.2731,391.1583872,0.009718,3.801277206,2136,0.177962416
2.2.12,116,3,schs,20.986,2.273,0.037,2.236,30.709,9.723,0.2834,406.2930426,0.009723,3.950387253,2236,0.17667206
2.2.12,117,1,schs,20.811,2.443,0.025,2.418,30.514,9.703,0.3817,550.7334925,0.009703,5.343767078,2418,0.220999466
2.2.12,117,2,schs,20.882,2.462,0.035,2.427,30.601,9.719,0.3949,570.1293616,0.009719,5.541087266,2427,0.228310147
2.2.12,117,3,schs,20.831,2.411,0.126,2.285,30.576,9.745,0.3702,533.8355762,0.009745,5.20222769,2285,0.227668608
2.2.12,app chk,1,nist apple,20.771,2.504,0.021,2.483,30.467,9.696,0.2865,410.8481331,0.009696,3.983583499,2483,0.160434293
2.2.12,app chk,2,nist apple,20.859,2.453,0.017,2.436,30.493,9.634,0.2757,394.9787856,0.009634,3.805225621,2436,0.156207948
2.2.12,app chk,3,nist apple,20.768,2.443,0.027,2.416,30.408,9.64,0.2821,404.3828434,0.00964,3.89825061,2416,0.161351433
2.14.12,118,1,schs,20.707,2.325,0.06,2.265,30.609,9.902,0.2353,355.8225863,0.009902,3.523355249,2265,0.155556523
2.14.12,118,2,schs,20.679,2.417,0.022,2.395,30.541,9.862,0.2457,371.3196252,0.009862,3.661954144,2395,0.152899964
2.14.12,118,3,schs,20.92,2.484,0.017,2.467,30.867,9.947,0.2559,386.5186441,0.009947,3.844700953,2467,0.155845195
2.14.12,119,1,schs,20.774,2.25,0.016,2.234,30.643,9.869,0.3323,500.3622763,0.009869,4.938075305,2234,0.221041867
2.14.12,119,2,schs,20.826,2.432,0.111,2.321,30.729,9.903,0.3387,509.8989157,0.009903,5.049528962,2321,0.217558335
2.14.12,119,3,schs,20.855,2.074,0.079,1.995,30.745,9.89,0.2846,429.2845112,0.00989,4.245623816,1995,0.212813224
2.14.12,120,1,schs,20.87,2.496,0.056,2.44,30.709,9.839,0.2711,409.1681626,0.009839,4.025805552,2440,0.164992031
2.14.12,120,2,schs,20.845,2.196,0.038,2.158,30.729,9.884,0.2328,352.0973365,0.009884,3.480130074,2158,0.161266454
2.14.12,120,3,schs,20.731,2.297,0.077,2.22,30.658,9.927,0.247,373.2567551,0.009927,3.705319807,2220,0.166906298
2.14.12,141,1,schs,20.775,2.411,0.138,2.273,30.688,9.913,0.2748,414.6815322,0.009913,4.110738029,2273,0.180850771
2.14.12,141,2,schs,20.833,2.465,0.033,2.432,30.623,9.79,0.2813,424.3671815,0.00979,4.154554707,2432,0.17082873
2.14.12,141,3,schs,20.881,2.434,0.104,2.33,30.664,9.783,0.2791,421.0889618,0.009783,4.119513313,2330,0.176803146
2.14.12,142,1,schs,20.77,2.274,0.102,2.172,30.581,9.811,0.3936,591.7054,0.009811,5.80522168,2172,0.2672754
2.14.12,142,2,schs,20.812,2.347,0.028,2.319,30.562,9.75,0.4042,607.5004589,0.00975,5.923129475,2319,0.255417399
2.14.12,142,3,schs,20.901,2.386,0.073,2.313,30.769,9.868,0.4041,607.3514489,0.009868,5.993344098,2313,0.259115612
2.14.12,143,1,schs,20.905,2.208,0.136,2.072,30.729,9.824,0.3323,500.3622763,0.009824,4.915559002,2072,0.237237404
2.14.12,143,2,schs,20.829,2.305,0.046,2.259,30.665,9.836,0.357,537.1677438,0.009836,5.283581928,2259,0.233890302
2.14.12,143,3,schs,21.021,2.397,0.065,2.332,30.817,9.796,0.3736,561.9034021,0.009796,5.504405727,2332,0.236037981
2.14.12,144,1,schs,20.879,2.37,0.017,2.353,30.724,9.845,0.331,498.4251464,0.009845,4.906995567,2353,0.208542098
2.14.12,144,2,schs,20.835,2.206,0.032,2.174,30.671,9.836,0.3045,458.9374992,0.009836,4.514109242,2174,0.207640719
2.14.12,144,3,schs,20.841,2.386,0.059,2.327,30.597,9.756,0.3343,503.3424761,0.009756,4.910609197,2327,0.211027469
2.14.12,145,1,schs,20.799,2.17,0.008,2.162,30.64,9.841,0.3364,506.4716859,0.009841,4.984187861,2162,0.230535979
2.14.12,145,2,schs,20.672,2.504,0.11,2.394,30.487,9.815,0.3484,524.3528847,0.009815,5.146523563,2394,0.214975922
2.14.12,145,3,schs,20.818,2.504,0.097,2.407,30.651,9.833,0.3791,570.0989515,0.009833,5.60578299,2407,0.232895014
2.14.12,151,1,schs,20.729,2.451,0.032,2.419,30.554,9.825,0.3848,578.5925209,0.009825,5.684671518,2419,0.23500089
2.14.12,151,2,schs,20.698,2.337,0.109,2.228,30.493,9.795,0.3544,533.293484,0.009795,5.223609676,2228,0.234452858
2.14.12,151,3,schs,20.761,2.518,0.031,2.487,30.251,9.49,0.4169,626.4247276,0.00949,5.944770665,2487,0.239033802
2.14.12,152,1,schs,20.893,2.362,0.081,2.281,30.697,9.804,0.3303,497.3820765,0.009804,4.876333878,2281,0.21378053
2.14.12,152,2,schs,20.771,2.321,0.006,2.315,30.603,9.832,0.3368,507.0677258,0.009832,4.985489881,2315,0.215355934
2.14.12,152,3,schs,20.734,2.534,0.11,2.424,30.491,9.757,0.3611,543.2771534,0.009757,5.300755185,2424,0.218678019
2.14.12,153,1,schs,20.624,2.298,0.034,2.264,30.505,9.881,0.3502,527.0350645,0.009881,5.207633472,2264,0.230019146
2.14.12,153,2,schs,20.847,2.195,0.043,2.152,30.705,9.858,0.3348,504.0875261,0.009858,4.969294832,2152,0.230915187
2.14.12,153,3,schs,20.766,2.423,0.052,2.371,30.578,9.812,0.3653,549.5355729,0.009812,5.392043042,2371,0.227416408
2.14.12,154,1,schs,20.776,2.511,0.03,2.481,30.56,9.784,0.3327,500.9583163,0.009784,4.901376166,2481,0.197556476
2.14.12,154,2,schs,20.824,2.557,0.075,2.482,30.613,9.789,0.3258,490.676627,0.009789,4.803233501,2482,0.193522704
2.14.12,154,3,schs,20.87,2.248,0.065,2.183,30.7,9.83,0.2896,436.7350107,0.00983,4.293105155,2183,0.196660795
2.14.12,155,1,schs,20.929,2.212,0.024,2.188,30.781,9.852,0.3767,566.5227118,0.009852,5.581381756,2188,0.255090574
2.14.12,155,2,schs,20.907,2.078,0.067,2.011,30.76,9.853,0.345,519.286545,0.009853,5.116530328,2011,0.254427167
2.14.12,155,3,schs,20.896,2.21,0.02,2.19,30.598,9.702,0.3799,571.2910314,0.009702,5.542665587,2190,0.253089753
2.14.12,176,1,schs,20.91,2.358,0.058,2.3,30.737,9.827,0.2722,410.8072725,0.009827,4.037003067,2300,0.175521872
2.14.12,176,2,schs,20.732,2.51,0.059,2.451,30.511,9.779,0.2949,444.6325401,0.009779,4.34806161,2451,0.177399494
2.14.12,176,3,schs,20.767,2.236,0.026,2.21,30.517,9.75,0.2813,424.3671815,0.00975,4.13758002,2210,0.187220815
2.14.12,177,1,schs,20.971,2.406,0.036,2.37,30.796,9.825,0.2735,412.7444023,0.009825,4.055213753,2370,0.171106066
2.14.12,177,2,schs,20.821,2.39,0.032,2.358,30.657,9.836,0.271,409.0191526,0.009836,4.023112385,2358,0.170615453
2.14.12,177,3,schs,20.907,2.534,0.102,2.432,30.661,9.754,0.2838,428.0924313,0.009754,4.175613575,2432,0.171694637
2.14.12,178,1,schs,20.929,2.178,0.041,2.137,30.679,9.75,0.307,462.6627489,0.00975,4.510961802,2137,0.211088526
2.14.12,178,2,schs,20.857,2.226,0.051,2.175,30.615,9.758,0.2934,442.3973903,0.009758,4.316913735,2175,0.198478792
2.14.12,178,3,schs,20.888,2.557,0.083,2.474,30.622,9.734,0.3406,512.7301055,0.009734,4.990914847,2474,0.201734634
2.14.12,179,1,schs,20.826,2.486,0.043,2.443,30.661,9.835,0.3051,459.8315591,0.009835,4.522443384,2443,0.185118436
2.14.12,179,2,schs,20.846,2.277,0.042,2.235,30.615,9.769,0.2997,451.7850197,0.009769,4.413487857,2235,0.197471492
2.14.12,179,3,schs,20.701,2.41,0.036,2.374,30.536,9.835,0.3011,453.8711595,0.009835,4.463822854,2374,0.188029606
2.14.12,180,1,schs,20.666,2.317,0.133,2.184,30.434,9.768,0.2491,376.3859648,0.009768,3.676538105,2184,0.168339657
2.14.12,180,2,schs,20.752,2.502,0.009,2.493,30.539,9.787,0.3039,458.0434392,0.009787,4.48287114,2493,0.179818337
2.14.12,180,3,schs,20.786,2.464,0.077,2.387,30.59,9.804,0.2751,415.1285622,0.009804,4.069920424,2387,0.170503579
2.14.12,95,1,schs,20.743,2.224,0.055,2.169,30.521,9.778,0.1977,299.7948301,0.009778,2.931393849,2169,0.135149555
2.14.12,95,2,schs,20.874,2.494,0.016,2.478,30.66,9.786,0.2319,350.7562466,0.009786,3.432500629,2478,0.138518992
2.14.12,95,3,schs,20.896,2.139,0.043,2.096,30.693,9.797,0.1957,296.8146303,0.009797,2.907892933,2096,0.13873535
2.14.12,app chk,1,nist apple,20.897,2.325,0.047,2.278,30.684,9.787,0.2526,381.6013145,0.009787,3.734732065,2278,0.163947852
2.14.12,app chk,2,nist apple,20.793,2.098,0,2.098,30.631,9.838,0.2209,334.3651477,0.009838,3.289484323,2098,0.156791436
2.14.12,app chk,3,nist apple,20.736,2.535,0.012,2.523,30.591,9.855,0.2718,410.2112325,0.009855,4.042631696,2523,0.160231141
3.14.12,180,1,lupine,20.805,2.123,0,2.123,30.654,9.849,0.1997,294.241356,0.009849,2.897983116,2123,0.136504151
3.14.12,180,2,lupine,20.826,2.267,0.019,2.248,30.659,9.833,0.2113,311.5571905,0.009833,3.063541854,2248,0.136278552
3.14.12,180,3,lupine,20.819,2.427,0.029,2.398,30.605,9.786,0.2274,335.5903745,0.009786,3.284087405,2398,0.136951101
3.14.12,81,1,lupine,20.827,2.265,0,2.265,30.705,9.878,0.2513,371.2669644,0.009878,3.667375074,2265,0.161915014
3.14.12,81,2,lupine,20.872,2.067,0.017,2.05,30.744,9.872,0.234,345.4424872,0.009872,3.410208233,2050,0.166351621
3.14.12,81,3,lupine,20.836,2.533,0.017,2.516,30.644,9.808,0.2861,423.2144677,0.009808,4.150887499,2516,0.16497963
3.14.12,84,1,lupine,20.687,2.472,0.007,2.465,30.445,9.758,0.2293,338.4265887,0.009758,3.302366653,2465,0.13397025
3.14.12,84,2,lupine,20.868,2.308,0.028,2.28,30.633,9.765,0.2151,317.229619,0.009765,3.09774723,2280,0.135866107
3.14.12,84,3,lupine,20.651,2.378,0.018,2.36,30.001,9.35,0.236,348.4279759,0.00935,3.257801574,2360,0.13804244
3.14.12,85,1,lupine,20.857,2.463,0.03,2.433,30.725,9.868,0.2244,331.1121414,0.009868,3.267414612,2433,0.134295709
3.14.12,85,2,lupine,20.816,2.451,0.014,2.437,30.584,9.768,0.2278,336.1874722,0.009768,3.283879229,2437,0.134750892
3.14.12,85,3,lupine,20.981,2.43,0.012,2.418,30.842,9.861,0.2225,328.2759272,0.009861,3.237128918,2418,0.133876299
3.14.12,116,1,lupine,20.992,2.091,0,2.091,30.768,9.776,0.18,264.8342924,0.009776,2.589020043,2091,0.123817314
3.14.12,116,2,lupine,20.951,2.5,0.005,2.495,30.803,9.852,0.2145,316.3339724,0.009852,3.116522296,2495,0.124910713
3.14.12,116,3,lupine,20.756,2.409,0.005,2.404,30.568,9.812,0.2089,307.974604,0.009812,3.021846815,2404,0.125700783
3.14.12,117,1,lupine,20.81,2.5,0,2.5,30.575,9.765,0.2513,371.2669644,0.009765,3.625421907,2500,0.145016876
3.14.12,117,2,lupine,20.786,2.501,0,2.501,30.596,9.81,0.2501,369.4756712,0.00981,3.624556334,2501,0.144924284
3.14.12,117,3,lupine,20.4,2.423,0,2.423,30.176,9.776,0.2453,362.3104983,0.009776,3.541947431,2423,0.146180249
3.14.12,118,1,lupine,20.733,2.403,0,2.403,30.529,9.796,0.2359,348.2787014,0.009796,3.411738159,2403,0.141978284
3.14.12,118,2,lupine,20.664,2.269,0.014,2.255,30.274,9.61,0.233,343.9497428,0.00961,3.305357028,2255,0.146579026
3.14.12,118,3,lupine,20.852,2.449,0,2.449,30.67,9.818,0.2477,365.8930847,0.009818,3.592338306,2449,0.146685925
3.14.12,119,1,lupine,20.845,2.439,0,2.439,30.692,9.847,0.2516,371.7147877,0.009847,3.660275514,2439,0.150072797
3.14.12,119,2,lupine,20.86,2.083,0.007,2.076,30.655,9.795,0.211,311.1093672,0.009795,3.047316251,2076,0.146787873
3.14.12,119,3,lupine,20.664,2.349,0.061,2.288,30.528,9.864,0.2313,341.4120774,0.009864,3.367688732,2288,0.147189193
3.14.12,120,1,lupine,20.775,2.467,0.036,2.431,30.693,9.918,0.2786,412.0188851,0.009918,4.086403302,2431,0.16809557
3.14.12,120,2,lupine,20.77,2.403,0.071,2.332,30.615,9.845,0.2753,407.0928287,0.009845,4.007828899,2332,0.171862303
3.14.12,120,3,lupine,20.878,2.36,0,2.36,30.705,9.827,0.2771,409.7797685,0.009827,4.026905785,2360,0.170631601
3.14.12,136,1,lupine,20.804,2.246,0.011,2.235,30.659,9.855,0.2426,358.2800886,0.009855,3.530850273,2235,0.157979878
3.14.12,136,2,lupine,20.97,2.352,0.022,2.33,30.814,9.844,0.2429,358.7279119,0.009844,3.531317564,2330,0.151558694
3.14.12,136,3,lupine,20.845,2.156,0.016,2.14,30.656,9.811,0.2211,326.1860851,0.009811,3.200211681,2140,0.149542602
3.14.12,137,1,lupine,20.769,2.569,0.023,2.546,30.539,9.77,0.3385,501.4342715,0.00977,4.899012832,2546,0.192419986
3.14.12,137,2,lupine,20.901,2.232,0.03,2.202,30.74,9.839,0.2852,421.8709978,0.009839,4.150788747,2202,0.188500851
3.14.12,137,3,lupine,20.775,2.352,0.02,2.332,30.578,9.803,0.3151,466.5040537,0.009803,4.573139239,2332,0.196103741
3.14.12,138,1,lupine,20.74,2.317,0,2.317,30.565,9.825,0.3424,507.2559744,0.009825,4.983789949,2317,0.215096675
3.14.12,138,2,lupine,20.898,2.515,0,2.515,30.722,9.824,0.3676,544.873132,0.009824,5.352833649,2515,0.212836328
3.14.12,138,3,lupine,20.773,2.501,0,2.501,30.547,9.774,0.3695,547.7093462,0.009774,5.35331115,2501,0.214046827
3.14.12,139,1,lupine,20.898,2.133,0.015,2.118,30.694,9.796,0.2309,340.8149797,0.009796,3.338623541,2118,0.157630951
3.14.12,139,2,lupine,20.847,2.512,0.03,2.482,30.61,9.763,0.2682,396.4943438,0.009763,3.870974279,2482,0.155961897
3.14.12,139,3,lupine,20.672,2.148,0,2.148,30.273,9.601,0.2391,353.0554833,0.009601,3.389685696,2148,0.157806597
3.14.12,140,1,lupine,20.75,2.6,0.009,2.591,30.539,9.789,0.2776,410.5261407,0.009789,4.018640391,2591,0.155099977
3.14.12,140,2,lupine,20.783,2.257,0.018,2.239,30.584,9.801,0.2377,350.9656413,0.009801,3.43981425,2239,0.153631722
3.14.12,140,3,lupine,20.839,2.122,0,2.122,30.631,9.792,0.2304,340.0686075,0.009792,3.329951805,2122,0.156925156
3.14.12,chk 1,1,apple,20.83,2.102,0.008,2.094,30.659,9.829,0.2354,347.5323293,0.009829,3.415895264,2094,0.163127759
3.14.12,chk 2,2,apple,20.872,2.271,0.019,2.252,30.708,9.836,0.2402,354.6975021,0.009836,3.488804631,2252,0.154920277
3.14.12,chk 3,3,apple,20.796,2.28,0.014,2.266,30.651,9.855,0.2494,368.4307501,0.009855,3.630885042,2266,0.160233232
3.14.12,chk 4,4,apple,20.895,2.424,0.02,2.404,30.734,9.839,0.2651,391.8668364,0.009839,3.855577803,2404,0.160381772
3.21.12,21,1,lupine,20.8956,2.085,0.019,2.066,30.665,9.7694,0.2204,316.1150557,0.0097694,3.088254426,2066,0.149479885
3.21.12,21,2,lupine,20.776,2.229,0,2.229,30.489,9.713,0.238,341.5706767,0.009713,3.317675983,2229,0.148841453
3.21.12,21,3,lupine,20.888,2.417,0.02,2.397,30.605,9.717,0.2529,363.1211739,0.009717,3.528448447,2397,0.147202689
3.21.12,22,1,lupine,20.913,2.4,0.028,2.372,30.635,9.722,0.2309,331.3016478,0.009722,3.22091462,2372,0.135788981
3.21.12,22,2,lupine,20.784,2.345,0.019,2.326,30.477,9.693,0.2361,338.8226267,0.009693,3.28420772,2326,0.141195517
3.21.12,22,3,lupine,20.79,2.251,0.009,2.242,30.549,9.759,0.2225,319.1523741,0.009759,3.114608019,2242,0.138920964
3.21.12,23,1,lupine,20.685,2.366,0,2.366,30.452,9.767,0.2769,397.8333843,0.009767,3.885638665,2366,0.164228177
3.21.12,23,2,lupine,20.833,2.102,0.013,2.089,30.624,9.791,0.255,366.1584923,0.009791,3.585057799,2089,0.171615979
3.21.12,23,3,lupine,20.872,2.442,0.009,2.433,30.679,9.807,0.2859,410.8504632,0.009807,4.029210493,2433,0.165606679
3.21.12,24,1,lupine,20.909,2.463,0,2.463,30.662,9.753,0.227,325.6609136,0.009753,3.17617089,2463,0.128955375
3.21.12,24,2,lupine,20.769,2.468,0.021,2.447,30.506,9.737,0.2165,310.4743216,0.009737,3.023088469,2447,0.123542643
3.21.12,24,3,lupine,20.832,2.53,0,2.53,30.566,9.734,0.2373,340.5582372,0.009734,3.314993881,2530,0.131027426
3.21.12,25,1,lupine,20.671,2.445,0.011,2.434,30.401,9.73,0.204,292.3950453,0.00973,2.845003791,2434,0.11688594
3.21.12,25,2,lupine,20.921,2.501,0.026,2.475,30.658,9.737,0.2095,300.3499269,0.009737,2.924507238,2475,0.118161909
3.21.12,25,3,lupine,20.769,2.555,0.022,2.533,30.135,9.366,0.2128,305.1228558,0.009366,2.857780667,2533,0.112821977
3.21.12,26,1,lupine,20.841,2.27,0.018,2.252,30.591,9.75,0.19,272.1462559,0.00975,2.653425995,2252,0.117825311
3.21.12,26,2,lupine,20.801,2.432,0.01,2.422,30.554,9.753,0.2031,291.0933374,0.009753,2.83903332,2422,0.117218552
3.21.12,26,3,lupine,20.794,2.578,0.015,2.563,30.56,9.766,0.2158,309.4618821,0.009766,3.02220474,2563,0.117916689
3.21.12,27,1,lupine,20.732,2.544,0.013,2.531,30.454,9.722,0.3606,518.892218,0.009722,5.044670143,2531,0.199315296
3.21.12,27,2,lupine,20.802,2.369,0.015,2.354,30.499,9.697,0.3763,541.5997889,0.009697,5.251893153,2354,0.223105062
3.21.12,27,3,lupine,20.773,2.287,0.027,2.26,30.481,9.708,0.3332,479.2624445,0.009708,4.652679811,2260,0.205870788
3.21.12,28,1,lupine,20.764,2.409,0.026,2.383,30.473,9.709,0.2573,369.4850792,0.009709,3.587330634,2383,0.150538424
3.21.12,28,2,lupine,20.998,2.508,0.046,2.462,30.703,9.705,0.2612,375.1258134,0.009705,3.640596019,2462,0.147871487
3.21.12,28,3,lupine,20.899,2.462,0.048,2.414,30.645,9.746,0.2504,359.5053187,0.009746,3.503738836,2414,0.145142454
3.21.12,29,1,lupine,20.727,2.426,0.02,2.406,30.455,9.728,0.2117,303.5318795,0.009728,2.952758124,2406,0.122724777
3.21.12,29,2,lupine,20.705,2.226,0.018,2.208,30.438,9.733,0.2071,296.8787058,0.009733,2.889520444,2208,0.130865962
3.21.12,29,3,lupine,20.928,2.267,0.007,2.26,30.7,9.772,0.2098,300.7838295,0.009772,2.939259582,2260,0.130055734
3.21.12,30,1,lupine,20.878,2.331,0.024,2.307,30.648,9.77,0.2131,305.5567584,0.00977,2.98528953,2307,0.129401367
3.21.12,30,2,lupine,20.87,2.031,0.008,2.023,30.63,9.76,0.1816,259.9969823,0.00976,2.537570547,2023,0.125436013
3.21.12,30,3,lupine,20.666,2.332,0.017,2.315,30.397,9.731,0.2146,307.7262716,0.009731,2.994484349,2315,0.129351376
3.21.12,46,1,lupine,20.834,2.429,0.008,2.421,30.589,9.755,0.2261,324.3592057,0.009755,3.164124052,2421,0.130694922
3.21.12,46,2,lupine,20.933,2.198,0.005,2.193,30.487,9.554,0.2158,309.4618821,0.009554,2.956598821,2193,0.134819828
3.21.12,46,3,lupine,20.832,2.417,0.005,2.412,30.572,9.74,0.2339,335.6406741,0.00974,3.269140165,2412,0.135536491
3.21.12,47,1,lupine,20.878,2.229,0.014,2.215,30.613,9.735,0.2262,324.5038399,0.009735,3.159044882,2215,0.142620536
3.21.12,47,2,lupine,20.801,2.485,0.012,2.473,30.588,9.787,0.2485,356.7572687,0.009787,3.491583389,2473,0.141188168
3.21.12,47,3,lupine,20.839,2.591,0.013,2.578,30.64,9.801,0.263,377.7292291,0.009801,3.702124175,2578,0.143604506
3.21.12,48,1,lupine,20.753,2.549,0.007,2.542,30.603,9.85,0.2715,390.023137,0.00985,3.841727899,2542,0.15113013
3.21.12,48,2,lupine,20.859,2.316,0.038,2.278,30.684,9.825,0.2133,305.8460268,0.009825,3.004937214,2278,0.131911203
3.21.12,48,3,lupine,20.773,2.566,0.015,2.551,30.589,9.816,0.2664,382.6467923,0.009816,3.756060913,2551,0.147238766
3.21.12,49,1,lupine,20.99,2.464,0.023,2.441,30.759,9.769,0.2351,337.3762846,0.009769,3.295828924,2441,0.13501962
3.21.12,49,2,lupine,20.845,2.471,0.122,2.349,30.624,9.779,0.2167,310.76359,0.009779,3.038957146,2349,0.129372377
3.21.12,49,3,lupine,20.829,2.557,0.008,2.549,30.39,9.561,0.2444,350.8272661,0.009561,3.354259491,2549,0.131591192
3.21.12,50,1,lupine,20.863,2.089,0.025,2.064,30.713,9.85,0.177,253.3438087,0.00985,2.495436515,2064,0.120902932
3.21.12,50,2,lupine,20.808,2.536,0.012,2.524,30.536,9.728,0.237,340.1243346,0.009728,3.308729527,2524,0.13109071
3.21.12,50,3,lupine,20.765,2.327,0.021,2.306,30.598,9.833,0.2112,302.8087084,0.009833,2.97751803,2306,0.12912047
3.21.12,176,1,lupine,20.852,2.19,0.015,2.175,30.145,9.293,0.2801,402.461679,0.009293,3.740076383,2175,0.171957535
3.21.12,176,2,lupine,20.836,2.231,0.016,2.215,30.647,9.811,0.2625,377.0060581,0.009811,3.698806436,2215,0.166989004
3.21.12,176,3,lupine,20.875,2.381,0.025,2.356,30.24,9.365,0.2957,425.0246158,0.009365,3.980355527,2356,0.168945481
3.21.12,177,1,lupine,20.813,2.466,0.019,2.447,30.553,9.74,0.1951,279.5226006,0.00974,2.72255013,2447,0.111260733
3.21.12,177,2,lupine,20.699,2.532,0,2.532,30.488,9.789,0.1997,286.1757743,0.009789,2.801374655,2532,0.110638809
3.21.12,177,3,lupine,20.879,2.226,0,2.226,30.672,9.793,0.1802,257.9721034,0.009793,2.526320808,2226,0.113491501
3.21.12,178,1,lupine,20.929,2.168,0.016,2.152,30.45,9.521,0.2165,310.4743216,0.009521,2.956026016,2152,0.137361804
3.21.12,178,2,lupine,20.817,2.308,0.005,2.303,30.607,9.79,0.2332,334.6282346,0.00979,3.276010417,2303,0.142249692
3.21.12,178,3,lupine,20.754,2.247,0.009,2.238,30.499,9.745,0.2297,329.5660373,0.009745,3.211621033,2238,0.143504068
3.21.12,179,1,lupine,20.985,2.212,0.016,2.196,30.657,9.672,0.1829,261.877227,0.009672,2.53287654,2196,0.115340462
3.21.12,179,2,lupine,20.912,2.583,0.013,2.57,30.682,9.77,0.218,312.6438347,0.00977,3.054530265,2570,0.118853318
3.21.12,179,3,lupine,20.842,2.191,0.009,2.182,30.634,9.792,0.16,228.755993,0.009792,2.239978683,2182,0.102657135
3.21.12,app chk,1,nist apple,20.639,2.281,0.072,2.209,30.335,9.696,0.2514,360.9516608,0.009696,3.499787303,2209,0.158433106
3.21.12,app chk,2,nist apple,20.83,2.511,0.035,2.476,30.571,9.741,0.2856,410.4165606,0.009741,3.997867716,2476,0.16146477
3.21.12,app chk,3,nist apple,20.81,2.138,0.037,2.101,30.606,9.796,0.2354,337.8101872,0.009796,3.309188594,2101,0.157505407
